Date & Status,Primary Flight Number,Flight Number,Airline,Origin,Status,Aircraft Info,CO2 Emission (kg)
"13 Oct 00:23
AKDT",NC2735,NAC2735,Northern Air Cargo,Bethel (BET / PABE),Landed,Boeing 737-852,46546
"13 Oct 00:29
AKDT",FX167,FDX167,Federal Express (FedEx),Osaka (KIX / RJBB),Landed,McDonnell Douglas MD-11F,64594
"13 Oct 00:30
AKDT",BR636,EVA636,EVA Airways,Taipei (TPE / RCTP),Landed,Boeing 777-F,74909
"13 Oct 00:32
AKDT",K4651,CKS651,Kalitta Air,Hong Kong (HKG / VHHH),Landed,Boeing 747-4HQERF,58869
"13 Oct 00:35
AKDT",BR692,EVA692,EVA Airways,Taipei (TPE / RCTP),Landed,Boeing 777-200LR / Boeing 777F,74909
"13 Oct 00:39
AKDT",K4851,CKS851,Kalitta Air,Guangzhou (CAN / ZGGG),Landed,Boeing 747-4B5,57509
"13 Oct 00:46
AKDT",K4831,CKS831,Kalitta Air,Shenzhen (SZX / ZGSZ),Landed,Boeing 747-4B5F,58496
"13 Oct 00:55
AKDT",BR668,EVA668,EVA Airways,Taipei (TPE / RCTP),Landed,Boeing 777-200LR / Boeing 777F,74909
"13 Oct 01:05
AKDT",CX3295,CPA3295,Cathay Pacific,New York (JFK / KJFK),Landed,Boeing 747-8,83846
"13 Oct 01:11
AKDT",AS111,ASA111,Alaska Airlines,Seattle (SEA / KSEA),Landed,Boeing 737-9,63461
"13 Oct 01:44
AKDT",5X70,UPS70,United Parcel Service (UPS),Louisville (SDF / KSDF),Landed,McDonnell Douglas MD-11F,94257
"13 Oct 01:57
AKDT",AS101,ASA101,Alaska Airlines,Seattle (SEA / KSEA),Landed,Boeing 737-790,59494
"13 Oct 02:30
AKDT",CA8412,CCA8412,Air China,Chicago (ORD / KORD),Landed,B77F,102622
"13 Oct 02:37
AKDT",7L4956,AZG4956,Silk Way West Airlines,Hong Kong (HKG / VHHH),Landed,Boeing 747-8F,61813
"13 Oct 03:19
AKDT",5Y555,GTI555,Atlas Air,Seoul (ICN / RKSI),Landed,Boeing 777-F1H,64120
"13 Oct 03:30
AKDT",Y87452,,Suparna Airlines,Chicago (ORD / KORD),Landed,Boeing 747-481SF,86203
"13 Oct 03:30
AKDT",Y87454,YZR7454,Suparna Airlines,Chicago (ORD / KORD),Landed,Unknown,0
"13 Oct 03:57
AKDT",CI5315,CAL5315,China Airlines,Chicago (ORD / KORD),Landed,Boeing 747-409F,82098
"13 Oct 04:12
AKDT",AS7097,ASA7097,Alaska Airlines,Seattle (SEA / KSEA),Landed,Boeing 737-790SF,59494
"13 Oct 04:50
AKDT",KO42,AER42,Alaska Central Express,Cordova (CDV / PACV),Landed,Beech 1900C-1,28331
"13 Oct 04:52
AKDT",KO143,AER143,Alaska Central Express,Kodiak (ADQ / PADQ),Landed,Beech 1900C,29127
"13 Oct 05:10
AKDT",5Y8030,GTI8030,Atlas Air,Hong Kong (HKG / VHHH),Landed,Boeing 747-87UF,58869
"13 Oct 05:25
AKDT",CX3283,CPA3283,Cathay Pacific,Atlanta (ATL / KATL),Landed,Boeing 747-867F,94732
"13 Oct 05:30
AKDT",KZ167,NCA167,Nippon Cargo Airlines,Chicago (ORD / KORD),Landed,Boeing 747-8KZF,86203
"13 Oct 05:32
AKDT",5X108,UPS108,United Parcel Service (UPS),Louisville (SDF / KSDF),Landed,Boeing 747-44AF,85688
"13 Oct 05:36
AKDT",K4258,CKS258,Kalitta Air,Nagoya (NGO / RJGG),Landed,Boeing 777-F,73956
"13 Oct 06:00
AKDT",5X80,UPS80,United Parcel Service (UPS),Ontario (ONT / KONT),Landed,Boeing 747-44AF,94254
"13 Oct 06:01
AKDT",5X64,UPS64,United Parcel Service (UPS),Louisville (SDF / KSDF),Landed,Boeing 747-8F,89973
"13 Oct 06:09
AKDT",AS240,ASA240,Alaska Airlines,Fairbanks (FAI / PAFA),Landed,Boeing 737-890,43502
"13 Oct 06:10
AKDT",5X62,UPS62,United Parcel Service (UPS),Louisville (SDF / KSDF),Landed,Boeing 747-428F,89973
"13 Oct 06:15
AKDT",GV6051,N1296Y,Grant Aviation,Kenai (ENA / PAEN),Landed,Cessna 208B Grand Caravan,36931
"13 Oct 06:20
AKDT",FX37,FDX37,Federal Express (FedEx),Oakland (OAK / KOAK),Landed,Boeing 777-FS2,112676
"13 Oct 06:22
AKDT",FX169,FDX169,Federal Express (FedEx),Memphis (MEM / KMEM),Landed,Boeing 777-F,112517
"13 Oct 06:23
AKDT",KO144,AER144,Alaska Central Express,Kodiak (ADQ / PADQ),Landed,Beech 1900C,29127
"13 Oct 06:32
AKDT",5X104,UPS104,United Parcel Service (UPS),Louisville (SDF / KSDF),Landed,B763,77120
"13 Oct 06:50
AKDT",FX29,FDX29,Federal Express (FedEx),Indianapolis (IND / KIND),Landed,Boeing 777-F,105207
"13 Oct 07:05
AKDT",KO145,AER145,Alaska Central Express,Kodiak (ADQ / PADQ),Landed,Beech 1900C-1,29127
"13 Oct 07:16
AKDT",FX19,FDX19,Federal Express (FedEx),Memphis (MEM / KMEM),Landed,B77L,112517
"13 Oct 07:23
AKDT",5X67,UPS67,United Parcel Service (UPS),Hong Kong (HKG / VHHH),Landed,Boeing 747-8F,61813
"13 Oct 07:30
AKDT",7H121,RVF121,Ravn Alaska,Kenai (ENA / PAEN),Landed,De Havilland Canada DHC-8-102 Dash 8,30984
"13 Oct 07:30
AKDT",SQ7952,SIA7952,Singapore Airlines,Hong Kong (HKG / VHHH),Landed,Boeing 747-412F,58869
"13 Oct 07:32
AKDT",FX5283,FDX5283,Federal Express (FedEx),Fort Worth (AFW / KAFW),Landed,McDonnell Douglas MD-11F,102993
"13 Oct 07:55
AKDT",CX3298,CPA3298,Cathay Pacific,Hong Kong (HKG / VHHH),Landed,Boeing 747-8,61813
"13 Oct 08:00
AKDT",5V871,VTS871,Everts Air,Bethel (BET / PABE),Landed,McDonnell Douglas MD-83SF,47740
"13 Oct 08:15
AKDT",GV6070,N269TD,Grant Aviation,Kenai (ENA / PAEN),Landed,Unknown,0
"13 Oct 08:25
AKDT",KO31,AER31,Alaska Central Express,King Salmon (AKN / PAKN),Landed,Beech 1900C,28324
"13 Oct 08:45
AKDT",KO52,AER52,Alaska Central Express,Dillingham (DLG / PADL),Landed,Beech 1900C-1,27978
"13 Oct 08:48
AKDT",5Y7159,GTI7159,Atlas Air,New York (JFK / KJFK),Landed,Boeing 747-481F,83846
"13 Oct 08:52
AKDT",AS83,ASA83,Alaska Airlines,Seattle (SEA / KSEA),Landed,Boeing 737-990ER,63461
"13 Oct 08:54
AKDT",PO947,PAC947,Polar Air Cargo,Cincinnati (CVG / KCVG),Landed,Boeing 747-400,78583
"13 Oct 08:56
AKDT",AS196,ASA196,Alaska Airlines,Kodiak (ADQ / PADQ),Landed,Boeing 737-890,48545
"13 Oct 09:00
AKDT",V8700,N715HL,ATRAN-Aviatrans Cargo Airlines,Iliamna (ILI / PAIL),Landed,Pilatus PC-12,21756
"13 Oct 09:15
AKDT",GV6080,N1296Y,Grant Aviation,Kenai (ENA / PAEN),Landed,Cessna 208B Grand Caravan,36931
"13 Oct 09:30
AKDT",7H123,RVF123,Ravn Alaska,Kenai (ENA / PAEN),Landed,De Havilland Canada DHC-8-102 Dash 8,30984
"13 Oct 09:55
AKDT",AS380,ASA380,Alaska Airlines,Fairbanks (FAI / PAFA),Landed,Boeing 737-900ER,45242
"13 Oct 09:55
AKDT",AS2285,QXE2285,Alaska Airlines,Seattle (SEA / KSEA),Landed,Embraer 170-200LR-175LR,43629
"13 Oct 10:00
AKDT",7H501,RVF501,Ravn Alaska,Homer (HOM / PAHO),Landed,De Havilland Canada DHC-8-106 Dash 8,31454
"13 Oct 10:00
AKDT",AS80,ASA80,Alaska Airlines,Deadhorse (SCC / PASC),Landed,Boeing 737-990ER,41790
"13 Oct 10:01
AKDT",KE8231,KAL8231,Korean Air Lines,Seoul (ICN / RKSI),Landed,Boeing 777-F,64120
"13 Oct 10:10
AKDT",CX91,CPA091,Cathay Pacific,Chicago (ORD / KORD),Landed,Boeing 747-867F,86203
"13 Oct 10:15
AKDT",GV6090,N269TD,Grant Aviation,Kenai (ENA / PAEN),Landed,C208,24788
"13 Oct 10:16
AKDT",5X6109,UPS6109,United Parcel Service (UPS),Tokyo (NRT / RJAA),Landed,Boeing 747-8F,63256
"13 Oct 10:23
AKDT",EM4664,CFS4664,Empire Airlines,Kenai (ENA / PAEN),Landed,Cessna 208B Super Cargomaster,24788
"13 Oct 10:30
AKDT",OZ247,AAR247,Asiana Airlines,Atlanta (ATL / KATL),Landed,B744,90221
"13 Oct 10:35
AKDT",KE284,KAL284,Korean Air Lines,Toronto (YYZ / CYYZ),Landed,Boeing 747-8B5F,82244
"13 Oct 11:00
AKDT",NC721,NAC721,Northern Air Cargo,Nome (OME / PAOM),Landed,De Havilland Canada DHC-8-Q402 Dash 8,27568
"13 Oct 11:12
AKDT",NC723,NAC723,Northern Air Cargo,Kotzebue (OTZ / PAOT),Landed,Boeing 737-3Q8F,37365
"13 Oct 11:15
AKDT",GV6100,N1296Y,Grant Aviation,Kenai (ENA / PAEN),Landed,C208,24788
"13 Oct 11:29
AKDT",K4977,CKS977,Kalitta Air,Shanghai (PVG / ZSPD),Landed,Boeing 747-4B5,54534
"13 Oct 11:30
AKDT",7H125,RVF125,Ravn Alaska,Kenai (ENA / PAEN),Landed,De Havilland Canada DHC-8-106 Dash 8,30984
"13 Oct 11:42
AKDT",5X109,UPS109,United Parcel Service (UPS),Tokyo (NRT / RJAA),Landed,B742,60243
"13 Oct 11:48
AKDT",AS7016,ASA7016,Alaska Airlines,Barrow (BRW / PABR),Landed,Boeing 737-790SF,37484
"13 Oct 11:55
AKDT",AS117,ASA117,Alaska Airlines,Seattle (SEA / KSEA),Landed,Boeing 737-890,59494
"13 Oct 11:56
AKDT",KO12,AER12,Alaska Central Express,Fairbanks (FAI / PAFA),Landed,Beech 1900C-1,26101
"13 Oct 12:03
AKDT",KZ51,NCA051,Nippon Cargo Airlines,Milan (MXP / LIMC),Landed,Boeing 747-8KZF,39369
"13 Oct 12:15
AKDT",GV6110,N269TD,Grant Aviation,Kenai (ENA / PAEN),Landed,C208,24788
"13 Oct 12:15
AKDT",7S219,RYA219,SkyBus International Airlines,Aniak (ANI / PANI),Landed,Pilatus PC-12/45,20772
"13 Oct 12:16
AKDT",5Y8283,GTI8283,Atlas Air,Osan (OSN / RKSO),Landed,Boeing 777-F,64927
"13 Oct 12:23
AKDT",FX5928,FDX5928,Federal Express (FedEx),Seoul (ICN / RKSI),Landed,Boeing 777-F,64120
"13 Oct 12:25
AKDT",KO11,AER11,Alaska Central Express,Fairbanks (FAI / PAFA),Landed,Beech 1900C-1,26101
"13 Oct 12:30
AKDT",7H309,RVF309,Ravn Alaska,Valdez (VDZ / PAVD),Landed,De Havilland Canada DHC-8-106 Dash 8,31080
"13 Oct 12:33
AKDT",K4816,CKS816,Kalitta Air,New York (JFK / KJFK),Landed,Boeing 747-4B5F,79853
"13 Oct 12:35
AKDT",5X99,UPS99,United Parcel Service (UPS),Seoul (ICN / RKSI),Landed,B748,53861
"13 Oct 12:35
AKDT",5Y8933,GTI8933,Atlas Air,Chicago (ORD / KORD),Landed,Boeing 747-8F,86203
"13 Oct 12:39
AKDT",AS547,ASA547,Alaska Airlines,Portland (PDX / KPDX),Landed,Boeing 737-890,61041
"13 Oct 12:45
AKDT",7H507,RVF507,Ravn Alaska,Homer (HOM / PAHO),Landed,De Havilland Canada DHC-8-100 Dash 8 / 8Q,31454
"13 Oct 12:45
AKDT",AS9660,ASA9660,Alaska Airlines,Deadhorse (SCC / PASC),Landed,Boeing 737-890,39178
"13 Oct 12:47
AKDT",5X105,UPS105,United Parcel Service (UPS),Osaka (KIX / RJBB),Landed,B763,52850
"13 Oct 12:48
AKDT",5X63,UPS63,United Parcel Service (UPS),Hong Kong (HKG / VHHH),Landed,B742,58869
"13 Oct 12:50
AKDT",CI5321,CAL5321,China Airlines,New York (JFK / KJFK),Landed,Boeing 777-F,99816
"13 Oct 12:50
AKDT",AS353,ASA353,Alaska Airlines,Chicago (ORD / KORD),Landed,Boeing 737-990ER,65678
"13 Oct 12:51
AKDT",5X61,UPS61,United Parcel Service (UPS),Taipei (TPE / RCTP),Landed,B748,62923
"13 Oct 12:54
AKDT",EM7676,CFS7676,Empire Airlines,Homer (HOM / PAHO),Landed,Cessna 208B Super Cargomaster,25163
"13 Oct 12:57
AKDT",7S906,RYA906,SkyBus International Airlines,Kodiak (ADQ / PADQ),Landed,Saab 340A(F),32363
"13 Oct 13:00
AKDT",DL2806,DAL2806,Delta Air Lines,Seattle (SEA / KSEA),Landed,Airbus A220-100,47596
"13 Oct 13:00
AKDT",KE251,KAL251,Korean Air Lines,Seoul (ICN / RKSI),Landed,Boeing 777-FB5,64120
"13 Oct 13:00
AKDT",AS209,ASA209,Alaska Airlines,Fairbanks (FAI / PAFA),Landed,Boeing 737-890,43502
"13 Oct 13:01
AKDT",FX14,FDX14,Federal Express (FedEx),Taipei (TPE / RCTP),Landed,B77L,74909
"13 Oct 13:09
AKDT",5X77,UPS77,United Parcel Service (UPS),Shenzhen (SZX / ZGSZ),Landed,B742,58496
"13 Oct 13:15
AKDT",GV6120,N1296Y,Grant Aviation,Kenai (ENA / PAEN),Landed,Unknown,0
"13 Oct 13:20
AKDT",KO32,AER32,Alaska Central Express,Iliamna (ILI / PAIL),Landed,Beech 1900C-1,27973
"13 Oct 14:03
AKDT",5X59,UPS59,United Parcel Service (UPS),Hong Kong (HKG / VHHH),Landed,B748,61813
"13 Oct 14:05
AKDT",KE233,KAL233,Korean Air Lines,Seoul (ICN / RKSI),Landed,Boeing 747-8B5F,53861
"13 Oct 14:10
AKDT",AS44,ASA44,Alaska Airlines,Bethel (BET / PABE),Landed,Boeing 737-890,44756
"13 Oct 14:13
AKDT",PO916,PAC916,Polar Air Cargo,Seoul (ICN / RKSI),Landed,Boeing 747-87UF,51296
"13 Oct 14:15
AKDT",O37002,CSS7002,SF Airlines (ShunFeng Airlines),Los Angeles (LAX / KLAX),Diverted,Boeing 737-31BF,66070
"13 Oct 14:15
AKDT",GV6130,N269TD,Grant Aviation,Kenai (ENA / PAEN),Landed,Unknown,0
"13 Oct 14:15
AKDT",PO998,PAC998,Polar Air Cargo,Shanghai (PVG / ZSPD),Landed,Boeing 747-400,50717
"13 Oct 14:16
AKDT",AS2232,QXE2232,Alaska Airlines,Dillingham (DLG / PADL),Landed,Embraer 170-200LR-175LR,34195
"13 Oct 14:25
AKDT",AS116,ASA116,Alaska Airlines,Seattle (SEA / KSEA),Landed,Boeing 737-790,59494
"13 Oct 14:25
AKDT",AS152,ASA152,Alaska Airlines,Nome (OME / PAOM),Landed,Boeing 737-890,41352
"13 Oct 14:35
AKDT",AS154,ASA154,Alaska Airlines,Kotzebue (OTZ / PAOT),Landed,Boeing 737-990ER,42703
"13 Oct 14:35
AKDT",KE255,KAL255,Korean Air Lines,Seoul (ICN / RKSI),Landed,Boeing 747-8HTF,53861
"13 Oct 14:35
AKDT",KE255,,Korean Air Lines,Seoul (ICN / RKSI),Landed,Boeing 747-8HTF,53861
"13 Oct 14:45
AKDT",AS61,ASA61,Alaska Airlines,Cordova (CDV / PACV),Landed,Boeing 737-790,47219
"13 Oct 14:45
AKDT",OZ2913,AAR2913,Asiana Airlines,Chicago (ORD / KORD),Landed,Boeing 747-48ESF,82098
"13 Oct 14:50
AKDT",DL2471,DAL2471,Delta Air Lines,Seattle (SEA / KSEA),Landed,Boeing 737-9GPER,63461
"13 Oct 15:00
AKDT",7H127,RVF127,Ravn Alaska,Kenai (ENA / PAEN),Landed,Eurocopter EC135 P2+,27886
"13 Oct 15:11
AKDT",KO43,AER43,Alaska Central Express,Juneau (JNU / PAJN),Landed,B190,29944
"13 Oct 15:15
AKDT",GV6140,N1296Y,Grant Aviation,Kenai (ENA / PAEN),Landed,Cessna 208B Grand Caravan,36931
"13 Oct 15:15
AKDT",7H215,RVF215,Ravn Alaska,St. Mary's (KSM / PASM),Landed,Unknown,0
"13 Oct 15:18
AKDT",AS93,ASA93,Alaska Airlines,Seattle (SEA / KSEA),Landed,Boeing 737-990ER,63461
"13 Oct 15:35
AKDT",CX87,CPA087,Cathay Pacific,Guadalajara (GDL / MMGL),Landed,Boeing 747-8,113664
"13 Oct 15:47
AKDT",KO961,AER961,Alaska Central Express,Unalaska (DUT / PADU),Landed,Beech 1900C-1,29465
"13 Oct 15:50
AKDT",NC2753,NAC2753,Northern Air Cargo,Unalakleet (UNK / PAUN),Landed,Boeing 737-3Q8F,39720
"13 Oct 15:59
AKDT",AS2036,QXE2036,Alaska Airlines,Fairbanks (FAI / PAFA),Landed,Embraer 170-200LR-175LR,31902
"13 Oct 16:00
AKDT",GV6150,N269TD,Grant Aviation,Kenai (ENA / PAEN),Landed,Cessna 208B Grand Caravan EX,24788
"13 Oct 16:05
AKDT",5Y8065,GTI8065,Atlas Air,Chicago (ORD / KORD),Landed,Boeing 747-46NF,82098
"13 Oct 16:05
AKDT",AS379,ASA379,Alaska Airlines,Kodiak (ADQ / PADQ),Landed,Boeing 737-900ER,50487
"13 Oct 16:10
AKDT",CX3275,CPA3275,Cathay Pacific,Houston (IAH / KIAH),Landed,Boeing 747-867F,101411
"13 Oct 16:14
AKDT",NC773,NAC773,Northern Air Cargo,Dillingham (DLG / PADL),Landed,Boeing 737-436F,46630
"13 Oct 16:15
AKDT",AS65,ASA65,Alaska Airlines,Juneau (JNU / PAJN),Landed,Boeing 737-790,49907
"13 Oct 16:18
AKDT",AS786,ASA786,Alaska Airlines,Seattle (SEA / KSEA),Landed,Boeing 737-890,59494
"13 Oct 16:20
AKDT",BR691,EVA691,EVA Airways,Dallas (DFW / KDFW),Landed,Boeing 777-F,117124
"13 Oct 16:20
AKDT",CI5147,CAL5147,China Airlines,Chicago (ORD / KORD),Live,Boeing 747-400,76351
"13 Oct 17:00
AKDT",NC773,NAC773,Northern Air Cargo,King Salmon (AKN / PAKN),Landed,Boeing 737-436F,47207
"13 Oct 17:00
AKDT",GV6160,N1296Y,Grant Aviation,Kenai (ENA / PAEN),Landed,C208,24788
"13 Oct 17:01
AKDT",AS7019,ASA7019,Alaska Airlines,Dillingham (DLG / PADL),Landed,Boeing 737-790SF,46630
"13 Oct 17:30
AKDT",7H503,RVF503,Ravn Alaska,Homer (HOM / PAHO),Landed,De Havilland Canada DHC-8-106 Dash 8,31454
"13 Oct 17:33
AKDT",CV2434,CLX2434,Cargolux Airlines International,Kuala Lumpur (KUL / WMKK),Landed,Boeing 747-4HAERF,73302
"13 Oct 17:46
AKDT",FX5236,FDX5236,Federal Express (FedEx),Indianapolis (IND / KIND),Landed,B77L,105207
"13 Oct 17:59
AKDT",CI5256,CAL5256,China Airlines,Taipei (TPE / RCTP),Landed,Boeing 747-400,55732
"13 Oct 18:00
AKDT",GV6170,N269TD,Grant Aviation,Kenai (ENA / PAEN),Landed,Unknown,0
"13 Oct 18:01
AKDT",5V881,VTS881,Everts Air,Kotzebue (OTZ / PAOT),Landed,McDonnell Douglas MD-83SF,42703
"13 Oct 18:05
AKDT",BR667,EVA667,EVA Airways,Atlanta (ATL / KATL),Landed,Boeing 777-F,112776
"13 Oct 18:05
AKDT",CK227,CKK227,China Cargo Airlines,Shanghai (PVG / ZSPD),Landed,Boeing 777-F,68168
"13 Oct 18:05
AKDT",CA1049,CAO1049,Air China,Shanghai (PVG / ZSPD),Landed,Boeing 777-FFT,57261
"13 Oct 18:06
AKDT",KO45,AER45,Alaska Central Express,Ketchikan (KTN / PAKT),Landed,Beech 1900C-1,31538
"13 Oct 18:10
AKDT",CX2090,CPA2090,Cathay Pacific,Hong Kong (HKG / VHHH),Landed,Boeing 747-8,61813
"13 Oct 18:10
AKDT",AS251,ASA251,Alaska Airlines,Seattle (SEA / KSEA),Landed,Boeing 737-990ER,63461
"13 Oct 18:10
AKDT",CX83,CPA083,Cathay Pacific,Portland (PDX / KPDX),Landed,Boeing 747-867F,85457
"13 Oct 18:15
AKDT",KO963,AER963,Alaska Central Express,Unalaska (DUT / PADU),Landed,Beech 1900C,29465
"13 Oct 18:16
AKDT",AS2117,QXE2117,Alaska Airlines,King Salmon (AKN / PAKN),Landed,Embraer 170-200LR-175LR,34618
"13 Oct 18:25
AKDT",AS9664,ASA9664,Alaska Airlines,Deadhorse (SCC / PASC),Landed,Boeing 737-890,39178
"13 Oct 18:30
AKDT",7H141,RVF141,Ravn Alaska,Kenai (ENA / PAEN),Landed,De Havilland Canada DHC-8-102 Dash 8,30984
"13 Oct 18:35
AKDT",AS702,ASA702,Alaska Airlines,Fairbanks (FAI / PAFA),Landed,Boeing 737-9,46402
"13 Oct 18:40
AKDT",BR635,EVA635,EVA Airways,New York (JFK / KJFK),Landed,B77L,99816
"13 Oct 18:50
AKDT",CX3684,CPA3684,Cathay Pacific,Hong Kong (HKG / VHHH),Landed,Boeing 747-867F,61813
"13 Oct 18:55
AKDT",7H100,RVF100,Ravn Alaska,Sand Point (SDP / KSDP),Landed,De Havilland Canada DHC-8-103 Dash 8,32785
"13 Oct 19:00
AKDT",CI5322,CAL5322,China Airlines,Taipei (TPE / RCTP),Landed,Boeing 777-F,74909
"13 Oct 19:03
AKDT",AS50,ASA50,Alaska Airlines,Barrow (BRW / PABR),Landed,Boeing 737-890,37484
"13 Oct 19:05
AKDT",AS9672,ASA9672,Alaska Airlines,Red Dog (RDB / PADG),Landed,Boeing 737-890,39138
"13 Oct 19:12
AKDT",FX5813,FDX5813,Federal Express (FedEx),Memphis (MEM / KMEM),Landed,B77L,112517
"13 Oct 19:17
AKDT",5X2998,UPS2998,United Parcel Service (UPS),Louisville (SDF / KSDF),Landed,Boeing 747-8F,89973
"13 Oct 19:21
AKDT",AS7090,ASA7090,Alaska Airlines,Juneau (JNU / PAJN),Landed,Boeing 737-890,49907
"13 Oct 19:27
AKDT",AS593,ASA593,Alaska Airlines,Seattle (SEA / KSEA),Landed,Boeing 737-9,63461
"13 Oct 19:36
AKDT",FX6011,FDX6011,Federal Express (FedEx),Oakland (OAK / KOAK),Landed,MD11,108169
"13 Oct 19:50
AKDT",5X72,UPS72,United Parcel Service (UPS),Louisville (SDF / KSDF),Landed,B748,89973
"13 Oct 19:55
AKDT",KE8250,KAL8250,Korean Air Lines,Halifax (YHZ / CYHZ),Landed,Boeing 777-FB5,90243
"13 Oct 20:00
AKDT",GV6190,N269TD,Grant Aviation,Kenai (ENA / PAEN),Landed,Unknown,0
"13 Oct 20:16
AKDT",KO46,AER46,Alaska Central Express,Ketchikan (KTN / PAKT),Landed,Beech 1900C-1,31538
"13 Oct 20:23
AKDT",KO67,AER67,Alaska Central Express,Unalaska (DUT / PADU),Landed,B190,29465
"13 Oct 20:24
AKDT",KO47,AER47,Alaska Central Express,Sitka (SIT / PASI),Landed,Beech 1900C,30559
"13 Oct 20:30
AKDT",AA399,AAL399,American Airlines,Dallas (DFW / KDFW),Landed,Airbus A321-253NX,60904
"13 Oct 20:37
AKDT",NC2755,NAC2755,Northern Air Cargo,Unalakleet (UNK / PAUN),Landed,Boeing 737-3Q8F,39720
"13 Oct 20:39
AKDT",DL965,DAL965,Delta Air Lines,Seattle (SEA / KSEA),Landed,Airbus A321-211,51562
"13 Oct 20:42
AKDT",AS109,ASA109,Alaska Airlines,Seattle (SEA / KSEA),Landed,Boeing 737-9,63461
"13 Oct 20:45
AKDT",AS46,ASA46,Alaska Airlines,Bethel (BET / PABE),Landed,Boeing 737-890,44756
"13 Oct 20:46
AKDT",FX159,FDX159,Federal Express (FedEx),Memphis (MEM / KMEM),Landed,B77L,112517
"13 Oct 20:52
AKDT",5X60,UPS60,United Parcel Service (UPS),Louisville (SDF / KSDF),Landed,Boeing 747-8U,89973
"13 Oct 20:56
AKDT",KO964,AER964,Alaska Central Express,Sand Point (SDP / KSDP),Landed,Beech 1900C,29506
"13 Oct 21:00
AKDT",7H505,RVF505,Ravn Alaska,Homer (HOM / PAHO),Landed,De Havilland Canada DHC-8-106 Dash 8,31454
"13 Oct 21:04
AKDT",AS153,ASA153,Alaska Airlines,Kotzebue (OTZ / PAOT),Landed,Boeing 737-9,42703
"13 Oct 21:05
AKDT",CX72,CPA072,Cathay Pacific,Hong Kong (HKG / VHHH),Landed,Boeing 747-867F,61813
"13 Oct 21:07
AKDT",DL371,DAL371,Delta Air Lines,Minneapolis (MSP / KMSP),Landed,Airbus A321-211,51991
"13 Oct 21:10
AKDT",7H9,RVF009,Ravn Alaska,Unalaska (DUT / PADU),Landed,De Havilland Canada DHC-8-102 Dash 8,32739
"13 Oct 21:14
AKDT",AS2317,QXE2317,Alaska Airlines,Fairbanks (FAI / PAFA),Landed,Embraer 170-200LR-175LR,31902
"13 Oct 21:24
AKDT",KO49,AER49,Alaska Central Express,Ketchikan (KTN / PAKT),Landed,Beech 1900C-1,31538
"13 Oct 21:32
AKDT",AS541,ASA541,Alaska Airlines,Seattle (SEA / KSEA),Landed,Boeing 737-890,59494
"13 Oct 21:34
AKDT",NC765,NAC765,Northern Air Cargo,Deadhorse (SCC / PASC),Landed,Boeing 737-3Q8F,36566
"13 Oct 21:42
AKDT",FX6020,FDX6020,Federal Express (FedEx),Guangzhou (CAN / ZGGG),Landed,McDonnell Douglas MD-11F,63260
"13 Oct 21:55
AKDT",AS7013,ASA7013,Alaska Airlines,Bethel (BET / PABE),Landed,Boeing 737-790SF,44756
"13 Oct 22:00
AKDT",GV6210,N269TD,Grant Aviation,Kenai (ENA / PAEN),Landed,Unknown,0
"13 Oct 22:13
AKDT",FX17,FDX17,Federal Express (FedEx),Seattle (SEA / KSEA),Landed,Boeing 777-FS2,99157
"13 Oct 22:19
AKDT",CI5318,CAL5318,China Airlines,Nagoya (NGO / RJGG),Landed,Boeing 747-409F,59165
"13 Oct 22:20
AKDT",5Y8106,GTI8106,Atlas Air,Shanghai (PVG / ZSPD),Landed,Boeing 747-87UF,54534
"13 Oct 22:24
AKDT",AS67,ASA67,Alaska Airlines,Juneau (JNU / PAJN),Landed,Boeing 737-890,49907
"13 Oct 22:31
AKDT",AS107,ASA107,Alaska Airlines,Seattle (SEA / KSEA),Landed,Boeing 737-890,59494
"13 Oct 22:35
AKDT",KO962,AER962,Alaska Central Express,Sand Point (SDP / KSDP),Landed,Beech 1900C-1,29506
"13 Oct 22:49
AKDT",5X71,UPS71,United Parcel Service (UPS),Shenzhen (SZX / ZGSZ),Landed,Boeing 747-8F,61421
"13 Oct 22:50
AKDT",UA280,UAL280,United Airlines,Denver (DEN / KDEN),Landed,Boeing 737-8,60952
"13 Oct 22:58
AKDT",5Y551,GTI551,Atlas Air,New York (JFK / KJFK),Landed,Boeing 777-F1H,99816
"13 Oct 23:00
AKDT",CZ437,CSN437,China Southern Airlines,Shanghai (PVG / ZSPD),Landed,Boeing 777-F1B,68168
"13 Oct 23:17
AKDT",FX5920,FDX5920,Federal Express (FedEx),Osaka (KIX / RJBB),Landed,Boeing 777-F,73403
"13 Oct 23:20
AKDT",CA8445,CAO8445,Air China,Chengdu (CTU / ZUUU),Landed,Boeing 777-FFT,48309
"13 Oct 23:20
AKDT",5X89,UPS89,United Parcel Service (UPS),Seoul (ICN / RKSI),Landed,Boeing 747-8F,53861
"13 Oct 23:20
AKDT",CZ471,CSN471,China Southern Airlines,Guangzhou (CAN / ZGGG),Landed,B77L,71887
"13 Oct 23:25
AKDT",CA1011,CAO1011,Air China,Shanghai (PVG / ZSPD),Landed,Boeing 777-FFT,57261
"13 Oct 23:30
AKDT",CZ411,CSN411,China Southern Airlines,Shenzhen (SZX / ZGSZ),Landed,Boeing 777-F,73120
"13 Oct 23:34
AKDT",AS141,ASA141,Alaska Airlines,Phoenix (PHX / KPHX),Landed,Boeing 737-890,71077
"13 Oct 23:44
AKDT",AS741,ASA741,Alaska Airlines,Las Vegas (LAS / KLAS),Landed,Boeing 737-900ER,71727
"13 Oct 23:44
AKDT",AS747,ASA747,Alaska Airlines,Seattle (SEA / KSEA),Landed,Boeing 737-990,63461
"13 Oct 23:51
AKDT",DL2216,DAL2216,Delta Air Lines,Seattle (SEA / KSEA),Landed,Boeing 737-832,61874
