Date & Status,Primary Flight Number,Flight Number,Airline,Destination,Status,Aircraft Info,CO2 Emission (kg)
"19 Jul 00:00
AKDT",CI5239,CAL5239,China Airlines,Taipei (TPE / RCTP),Landed,B744,104140
"19 Jul 00:15
AKDT",CX99,,Cathay Pacific,Hong Kong (HKG / VHHH),Landed,Boeing 747-8,112418
"19 Jul 00:50
AKDT",FX17,FDX17,Federal Express (FedEx),Shanghai (PVG / ZSPD),Landed,Boeing 777-FS2,121867
"19 Jul 00:50
AKDT",K4425,CKS425,Kalitta Air,El Paso (BIF / KBIF),Landed,Boeing 747-446SF,96700
"19 Jul 00:55
AKDT",AS110,ASA110,Alaska Airlines,Seattle (SEA / KSEA),Landed,Boeing 737-990ER,62684
"19 Jul 00:59
AKDT",DL1382,DAL1382,Delta Air Lines,Seattle (SEA / KSEA),Landed,Airbus A320-211,65450
"19 Jul 01:30
AKDT",CZ431,CSN431,China Southern Airlines,Chicago (ORD / KORD),Landed,B77L,106177
"19 Jul 01:30
AKDT",CI5134,CAL5134,China Airlines,Chicago (ORD / KORD),Landed,Boeing 747-400,78995
"19 Jul 01:42
AKDT",5X71,UPS71,United Parcel Service (UPS),Louisville (SDF / KSDF),Landed,Boeing 747-8F,93904
"19 Jul 01:50
AKDT",PO786,PAC786,Polar Air Cargo,Miami (MIA / KMIA),Landed,Boeing 777-FZB,129213
"19 Jul 01:50
AKDT",AS281,ASA281,Alaska Airlines,Seattle (SEA / KSEA),Landed,Boeing 737-990ER,62684
"19 Jul 01:55
AKDT",CX2096,CPA2096,Cathay Pacific,Los Angeles (LAX / KLAX),Landed,Boeing 747-867F,99042
"19 Jul 01:55
AKDT",AS130,ASA130,Alaska Airlines,Portland (PDX / KPDX),Landed,Boeing 737-890,60457
"19 Jul 01:56
AKDT",FX167,FDX167,Federal Express (FedEx),Memphis (MEM / KMEM),Landed,McDonnell Douglas MD-11F,102372
"19 Jul 02:00
AKDT",CK227,CKK227,China Cargo Airlines,Chicago (ORD / KORD),Landed,Boeing 777-F,106177
"19 Jul 02:00
AKDT",KO143,AER143,Alaska Central Express,Kodiak (ADQ / PADQ),Landed,Beech 1900C,29583
"19 Jul 02:05
AKDT",5Y8763,GTI8763,Atlas Air,Los Angeles (LAX / KLAX),Landed,Boeing 747-47UF,94326
"19 Jul 02:50
AKDT",AS121,ASA121,Alaska Airlines,Seattle (SEA / KSEA),Landed,Boeing 737-990ER,62684
"19 Jul 02:50
AKDT",KE8255,KAL8255,Korean Air Lines,Dallas (DFW / KDFW),Landed,Boeing 777-F,119394
"19 Jul 02:50
AKDT",CX2083,CPA2083,Cathay Pacific,Hong Kong (HKG / VHHH),Landed,Boeing 747-8,112418
"19 Jul 02:55
AKDT",FX6014,FDX6014,Federal Express (FedEx),Indianapolis (IND / KIND),Landed,Boeing 777-FS2,109524
"19 Jul 03:00
AKDT",KO43,AER43,Alaska Central Express,Ketchikan (KTN / PAKT),Landed,B190,30908
"19 Jul 03:00
AKDT",KO41,AER41,Alaska Central Express,Juneau (JNU / PAJN),Landed,Beech 1900C,29248
"19 Jul 03:10
AKDT",CI5256,CAL5256,China Airlines,Atlanta (ATL / KATL),Landed,Boeing 747-400,88047
"19 Jul 03:15
AKDT",FX9818,FDX9818,Federal Express (FedEx),Memphis (MEM / KMEM),Landed,Boeing 767-3S2F,83759
"19 Jul 03:25
AKDT",5Y8692,GTI8692,Atlas Air,Guadalajara (GDL / MMGL),Landed,Boeing 747-47UF,108912
"19 Jul 03:25
AKDT",PO950,PAC950,Polar Air Cargo,Cincinnati (CVG / KCVG),Landed,Boeing 747-46NF,88406
"19 Jul 03:40
AKDT",AS162,ASA162,Alaska Airlines,Seattle (SEA / KSEA),Landed,Boeing 737-9,62684
"19 Jul 04:00
AKDT",KO144,AER144,Alaska Central Express,Kodiak (ADQ / PADQ),Landed,Beech 1900C,29583
"19 Jul 04:00
AKDT",L2401,LYC401,Lynden Air Cargo,Nome (OME / PAOM),Landed,Lockheed 100-30 Hercules,68977
"19 Jul 04:30
AKDT",KO145,AER145,Alaska Central Express,Kodiak (ADQ / PADQ),Landed,B190,29583
"19 Jul 04:35
AKDT",AS7005,ASA7005,Alaska Airlines,Juneau (JNU / PAJN),Landed,Boeing 737-890,48747
"19 Jul 04:45
AKDT",Y87452,,Suparna Airlines,Nanjing (NKG / ZSNJ),Landed,Boeing 747-481SF,101662
"19 Jul 04:45
AKDT",Y87454,YZR7454,Suparna Airlines,Nanjing (NKG / ZSNJ),Landed,Unknown,0
"19 Jul 04:55
AKDT",5X6063,UPS6063,United Parcel Service (UPS),Louisville (SDF / KSDF),Landed,Boeing 747-428F,93904
"19 Jul 05:00
AKDT",AS94,ASA94,Alaska Airlines,Seattle (SEA / KSEA),Landed,Boeing 737-790,58766
"19 Jul 05:00
AKDT",5V870,VTS870,Everts Air,Bethel (BET / PABE),Landed,McDonnell Douglas MD-83SF,49620
"19 Jul 05:00
AKDT",Y87456,,Suparna Airlines,Shanghai (PVG / ZSPD),Landed,Unknown,0
"19 Jul 05:06
AKDT",5X6105,UPS6105,United Parcel Service (UPS),Louisville (SDF / KSDF),Landed,Boeing 767-34AERF,80489
"19 Jul 05:25
AKDT",KO52,AER52,Alaska Central Express,Dillingham (DLG / PADL),Landed,Beech 1900C-1,28867
"19 Jul 05:25
AKDT",KO31,AER31,Alaska Central Express,King Salmon (AKN / PAKN),Landed,Beech 1900C,29070
"19 Jul 05:30
AKDT",NC722,NAC722,Northern Air Cargo,Kotzebue (OTZ / PAOT),Landed,Boeing 737-3Q8F,38241
"19 Jul 05:45
AKDT",GV5050,N269TD,Grant Aviation,Kenai (ENA / PAEN),Landed,Cessna 208B Grand Caravan,37114
"19 Jul 05:50
AKDT",AS79,ASA79,Alaska Airlines,Deadhorse (SCC / PASC),Landed,Boeing 737-9,40577
"19 Jul 06:00
AKDT",7H2,RVF002,Ravn Alaska,Unalaska (DUT / PADU),Diverted,De Havilland Canada DHC-8-106 Dash 8,35236
"19 Jul 06:00
AKDT",DL1359,DAL1359,Delta Air Lines,Seattle (SEA / KSEA),Landed,Boeing 737-9GPER,62684
"19 Jul 06:00
AKDT",KO65,,Alaska Central Express,Cold Bay (CDB / PACD),Landed,Beech 1900C-1,30989
"19 Jul 06:00
AKDT",AS82,ASA82,Alaska Airlines,Seattle (SEA / KSEA),Landed,Boeing 737-8,54849
"19 Jul 06:00
AKDT",7H120,RVF120,Ravn Alaska,Kenai (ENA / PAEN),Landed,De Havilland Canada DHC-8-102 Dash 8,31138
"19 Jul 06:10
AKDT",KZ133,NCA133,Nippon Cargo Airlines,Tokyo (NRT / RJAA),Landed,Boeing 747-8,96845
"19 Jul 06:15
AKDT",AS115,ASA115,Alaska Airlines,Fairbanks (FAI / PAFA),Landed,Boeing 737-890,42836
"19 Jul 06:15
AKDT",AA483,AAL483,American Airlines,Dallas (DFW / KDFW),Landed,Airbus A319-112,79783
"19 Jul 06:15
AKDT",DL2927,DAL2927,Delta Air Lines,Minneapolis (MSP / KMSP),Landed,Airbus A321-211,52950
"19 Jul 06:35
AKDT",K4901,CKS901,Kalitta Air,Chicago (ORD / KORD),Landed,Boeing 747-4B5F,84941
"19 Jul 06:45
AKDT",GV5060,N411GV,Grant Aviation,Kenai (ENA / PAEN),Landed,Unknown,0
"19 Jul 07:00
AKDT",7H8101,RVF8101,Ravn Alaska,Fairbanks (FAI / PAFA),Landed,De Havilland Canada DHC-8-106 Dash 8,28558
"19 Jul 07:00
AKDT",AS102,ASA102,Alaska Airlines,Seattle (SEA / KSEA),Landed,Boeing 737-990ER,62684
"19 Jul 07:00
AKDT",7H344,RVF344,Ravn Alaska,King Salmon (AKN / PAKN),Landed,De Havilland Canada DHC-8-106 Dash 8,32301
"19 Jul 07:00
AKDT",KO955,AER955,Alaska Central Express,Togiak Village (TOG / PATG),Landed,Beech 1900C,28837
"19 Jul 07:15
AKDT",7H500,RVF500,Ravn Alaska,Homer (HOM / PAHO),Landed,De Havilland Canada DHC-8-106 Dash 8,31707
"19 Jul 07:25
AKDT",AS1248,ASA1248,Alaska Airlines,Kodiak (ADQ / PADQ),Landed,Boeing 737-900ER,51276
"19 Jul 07:36
AKDT",AS7015,ASA7015,Alaska Airlines,Barrow (BRW / PABR),Landed,Boeing 737-790SF,37093
"19 Jul 07:43
AKDT",5X68,UPS68,United Parcel Service (UPS),Osaka (KIX / RJBB),Landed,B742,93771
"19 Jul 07:50
AKDT",GV5070,N269TD,Grant Aviation,Kenai (ENA / PAEN),Landed,Cessna 208B Grand Caravan,37114
"19 Jul 07:55
AKDT",AS62,ASA62,Alaska Airlines,Juneau (JNU / PAJN),Landed,Boeing 737-890,48747
"19 Jul 08:00
AKDT",DL2971,DAL2971,Delta Air Lines,Seattle (SEA / KSEA),Landed,Airbus A320-211,65450
"19 Jul 08:00
AKDT",7H122,RVF122,Ravn Alaska,Kenai (ENA / PAEN),Landed,Boeing 757-2B7,49821
"19 Jul 08:00
AKDT",AS352,ASA352,Alaska Airlines,Seattle (SEA / KSEA),Landed,Boeing 737-990ER,62684
"19 Jul 08:05
AKDT",AS194,ASA194,Alaska Airlines,Fairbanks (FAI / PAFA),Landed,Boeing 737-890,42836
"19 Jul 08:06
AKDT",5X108,UPS108,United Parcel Service (UPS),Tokyo (NRT / RJAA),Landed,Boeing 747-44AF,92233
"19 Jul 08:15
AKDT",KO53,AER53,Alaska Central Express,Dillingham (DLG / PADL),Landed,Beech 1900C-1,28867
"19 Jul 08:29
AKDT",5X6067,UPS6067,United Parcel Service (UPS),Louisville (SDF / KSDF),Landed,Boeing 747-44AF,89432
"19 Jul 08:30
AKDT",5Y555,GTI555,Atlas Air,New York (JFK / KJFK),Landed,Boeing 777-F1H,108162
"19 Jul 08:45
AKDT",GV5080,N411GV,Grant Aviation,Kenai (ENA / PAEN),Landed,Cessna 208B Grand Caravan,37114
"19 Jul 08:52
AKDT",5X104,UPS104,United Parcel Service (UPS),Osaka (KIX / RJBB),Landed,B763,84394
"19 Jul 09:00
AKDT",KO11,AER11,Alaska Central Express,Fairbanks (FAI / PAFA),Landed,Beech 1900C-1,25702
"19 Jul 09:00
AKDT",CX3298,CPA3298,Cathay Pacific,New York (JFK / KJFK),Landed,Boeing 747-8,90856
"19 Jul 09:00
AKDT",AS90,ASA90,Alaska Airlines,Seattle (SEA / KSEA),Landed,Boeing 737-890,58766
"19 Jul 09:00
AKDT",EM8663,CFS8663,Empire Airlines,Fairbanks (FAI / PAFA),Landed,Aerospatiale ATR 72-600,23988
"19 Jul 09:05
AKDT",AA1753,AAL1753,American Airlines,Chicago (ORD / KORD),Landed,Airbus A321-231,70951
"19 Jul 09:05
AKDT",5X88,UPS88,United Parcel Service (UPS),Seoul (ICN / RKSI),Landed,Boeing 747-8F,94768
"19 Jul 09:25
AKDT",5Y8711,GTI8711,Atlas Air,Seoul (ICN / RKSI),Landed,Boeing 747-47UF,90255
"19 Jul 09:30
AKDT",EM8661,CFS8661,Empire Airlines,Kenai (ENA / PAEN),Landed,Cessna 208B Super Cargomaster,24910
"19 Jul 09:30
AKDT",7S906,RYA906,Ryan Air,Fairbanks (FAI / PAFA),Landed,Saab 340A(F),28558
"19 Jul 09:30
AKDT",CI5236,CAL5236,China Airlines,Chicago (ORD / KORD),Landed,Boeing 747-409F,84941
"19 Jul 09:30
AKDT",V8701,N715SJ,ATRAN-Aviatrans Cargo Airlines,Iliamna (ILI / PAIL),Landed,Pilatus PC-12,22147
"19 Jul 09:35
AKDT",5X64,UPS64,United Parcel Service (UPS),Seoul (ICN / RKSI),Landed,Boeing 747-8F,94768
"19 Jul 09:35
AKDT",AS151,ASA151,Alaska Airlines,Nome (OME / PAOM),Landed,Boeing 737-990ER,45985
"19 Jul 09:35
AKDT",KD3961,WGN3961,Western Global Airlines,Seoul (ICN / RKSI),Landed,Boeing 747-446F,90255
"19 Jul 10:00
AKDT",EM8735,CFS8735,Empire Airlines,Kenai (ENA / PAEN),Landed,Cessna 208B Super Cargomaster,24910
"19 Jul 10:00
AKDT",7H124,RVF124,Ravn Alaska,Kenai (ENA / PAEN),Landed,De Havilland Canada DHC-8-106 Dash 8,31138
"19 Jul 10:00
AKDT",KZ134,NCA134,Nippon Cargo Airlines,Chicago (ORD / KORD),Landed,Boeing 747-8KZF,89188
"19 Jul 10:00
AKDT",FTH415,FTH415,FlyEgypt,Anchorage (EDF / PAED),Landed,Gulfstream Aerospace G-IV-SP,36619
"19 Jul 10:15
AKDT",AS516,ASA516,Alaska Airlines,King Salmon (AKN / PAKN),Landed,Boeing 737-9,51681
"19 Jul 10:20
AKDT",NC2764,NAC2764,Northern Air Cargo,Barrow (BRW / PABR),Landed,Unknown,0
"19 Jul 10:25
AKDT",FX19,FDX19,Federal Express (FedEx),Osaka (KIX / RJBB),Landed,B77L,117214
"19 Jul 10:30
AKDT",AS793,ASA793,Alaska Airlines,Seattle (SEA / KSEA),Landed,Boeing 737-9,62684
"19 Jul 10:34
AKDT",EM8676,CFS8676,Empire Airlines,Homer (HOM / PAHO),Landed,Cessna 208B Super Cargomaster,25365
"19 Jul 10:35
AKDT",AS64,ASA64,Alaska Airlines,Juneau (JNU / PAJN),Landed,Boeing 737-890,48747
"19 Jul 10:35
AKDT",AS2211,QXE2211,Alaska Airlines,Dillingham (DLG / PADL),Landed,Embraer 170-200LR-175LR,35282
"19 Jul 10:40
AKDT",AS9663,ASA9663,Alaska Airlines,Deadhorse (SCC / PASC),Landed,Boeing 737-800,39563
"19 Jul 10:40
AKDT",K4831,CKS831,Kalitta Air,Cincinnati (CVG / KCVG),Landed,Boeing 747-4B5F,88406
"19 Jul 10:45
AKDT",AS43,ASA43,Alaska Airlines,Bethel (BET / PABE),Landed,Boeing 737-890,46519
"19 Jul 10:45
AKDT",GV5100,N411GV,Grant Aviation,Kenai (ENA / PAEN),Landed,Piper PA-31-350 Navajo Chieftain,28024
"19 Jul 10:45
AKDT",7H506,RVF506,Ravn Alaska,Homer (HOM / PAHO),Landed,De Havilland Canada DHC-8-106 Dash 8,31707
"19 Jul 10:50
AKDT",AS2591,QXE2591,Alaska Airlines,Fairbanks (FAI / PAFA),Landed,Embraer 170-200LR-175LR,31413
"19 Jul 11:00
AKDT",KO32,AER32,Alaska Central Express,Iliamna (ILI / PAIL),Diverted,B190,28475
"19 Jul 11:00
AKDT",EM8961,CFS8961,Empire Airlines,Kenai (ENA / PAEN),Landed,Cessna 208B Super Cargomaster,24910
"19 Jul 11:00
AKDT",7H100,RVF100,Ravn Alaska,Cold Bay (CDB / PACD),Landed,De Havilland Canada DHC-8-103 Dash 8,34433
"19 Jul 11:00
AKDT",AS55,ASA55,Alaska Airlines,Kotzebue (OTZ / PAOT),Landed,Boeing 737-790,40972
"19 Jul 11:00
AKDT",7H400,RVF400,Ravn Alaska,St. Paul Island (SNP / PASN),Diverted,De Havilland Canada DHC-8-102 Dash 8,33228
"19 Jul 11:00
AKDT",KO33,,Alaska Central Express,King Salmon (AKN / PAKN),Landed,Beech 1900C-1,29070
"19 Jul 11:03
AKDT",5Y515,GTI515,Atlas Air,Seoul (ICN / RKSI),Landed,Boeing 747-47UF,90255
"19 Jul 11:19
AKDT",5X62,UPS62,United Parcel Service (UPS),Hong Kong (HKG / VHHH),Landed,Boeing 747-428F,112418
"19 Jul 12:00
AKDT",KO98,AER98,Alaska Central Express,Kenai (ENA / PAEN),Diverted,Beech 1900C-1,28024
"19 Jul 12:05
AKDT",AS575,ASA575,Alaska Airlines,Kodiak (ADQ / PADQ),Landed,Boeing 737-990ER,52591
"19 Jul 12:05
AKDT",KD9543,WGN9543,Western Global Airlines,Seoul (ICN / RKSI),Landed,Unknown,0
"19 Jul 12:30
AKDT",7H6,RVF006,Ravn Alaska,Unalaska (DUT / PADU),Diverted,De Havilland Canada DHC-8-102A Dash 8,35236
"19 Jul 12:36
AKDT",5Y4542,GTI4542,Atlas Air,Los Angeles (LAX / KLAX),Landed,Boeing 747-4H6LCF Dreamlifter,94326
"19 Jul 12:45
AKDT",FX5017,FDX5017,Federal Express (FedEx),Taipei (TPE / RCTP),Landed,Boeing 777-F,130175
"19 Jul 12:45
AKDT",GV5120,N411GV,Grant Aviation,Kenai (ENA / PAEN),Landed,Cessna 208B Grand Caravan,37114
"19 Jul 13:00
AKDT",7H126,RVF126,Ravn Alaska,Kenai (ENA / PAEN),Landed,De Havilland Canada DHC-8-106 Dash 8,31138
"19 Jul 13:00
AKDT",FX7735,CFS7735,Federal Express (FedEx),Kenai (ENA / PAEN),Landed,Unknown,0
"19 Jul 13:05
AKDT",AS598,ASA598,Alaska Airlines,Dillingham (DLG / PADL),Landed,Boeing 737-890,48112
"19 Jul 13:15
AKDT",7H502,RVF502,Ravn Alaska,Homer (HOM / PAHO),Landed,De Havilland Canada DHC-8-106 Dash 8,31707
"19 Jul 13:20
AKDT",PO998,PAC998,Polar Air Cargo,Cincinnati (CVG / KCVG),Landed,Boeing 747-400,82218
"19 Jul 13:25
AKDT",DL439,DAL439,Delta Air Lines,Minneapolis (MSP / KMSP),Landed,Airbus A319-114,52950
"19 Jul 13:30
AKDT",KO47,AER47,Alaska Central Express,Sitka (SIT / PASI),Landed,Beech 1900C,29971
"19 Jul 13:40
AKDT",AS797,ASA797,Alaska Airlines,Seattle (SEA / KSEA),Landed,Boeing 737-990,62684
"19 Jul 13:40
AKDT",KO935,AER935,Alaska Central Express,King Salmon (AKN / PAKN),Landed,Beech 1900C,29070
"19 Jul 13:44
AKDT",AS66,ASA66,Alaska Airlines,Cordova (CDV / PACV),Landed,Boeing 737-890,46782
"19 Jul 13:45
AKDT",GV5130,N269TD,Grant Aviation,Kenai (ENA / PAEN),Landed,Cessna 208B Grand Caravan,37114
"19 Jul 14:00
AKDT",KO68,AER68,Alaska Central Express,Unalaska (DUT / PADU),Landed,Beech 1900C-1,31712
"19 Jul 14:00
AKDT",7H130,RVF130,Ravn Alaska,Kenai (ENA / PAEN),Landed,De Havilland Canada DHC-8-106 Dash 8,31138
"19 Jul 14:00
AKDT",5V882,VTS882,Everts Air,Unalakleet (UNK / PAUN),Landed,McDonnell Douglas MD-83SF,46589
"19 Jul 14:00
AKDT",KO66,AER66,Alaska Central Express,St. Paul Island (SNP / PASN),Landed,B190,29905
"19 Jul 14:04
AKDT",AS7021,ASA7021,Alaska Airlines,King Salmon (AKN / PAKN),Landed,Boeing 737-790SF,48451
"19 Jul 14:08
AKDT",UA1862,UAL1862,United Airlines,Denver (DEN / KDEN),Landed,Airbus A319-132,56842
"19 Jul 14:10
AKDT",KE251,KAL251,Korean Air Lines,Miami (MIA / KMIA),Landed,Boeing 777-FB5,129213
"19 Jul 14:10
AKDT",DL2806,DAL2806,Delta Air Lines,Seattle (SEA / KSEA),Landed,Airbus A220-100,47013
"19 Jul 14:15
AKDT",AS335,ASA335,Alaska Airlines,Fairbanks (FAI / PAFA),Landed,Boeing 737-990,45692
"19 Jul 14:15
AKDT",OZ587,AAR587,Asiana Airlines,New York (JFK / KJFK),Landed,Boeing 747-48EF,86529
"19 Jul 14:25
AKDT",5X105,UPS105,United Parcel Service (UPS),Louisville (SDF / KSDF),Landed,Boeing 767-34AERF,80489
"19 Jul 14:25
AKDT",AS51,ASA51,Alaska Airlines,Barrow (BRW / PABR),Landed,Boeing 737-890,37093
"19 Jul 14:26
AKDT",5X109,UPS109,United Parcel Service (UPS),Louisville (SDF / KSDF),Landed,Boeing 747-44AF,89432
"19 Jul 14:30
AKDT",K4816,CKS816,Kalitta Air,Seoul (ICN / RKSI),Landed,Boeing 747-4B5F,90255
"19 Jul 14:30
AKDT",KO46,AER46,Alaska Central Express,Ketchikan (KTN / PAKT),Landed,Beech 1900C-1,30908
"19 Jul 14:37
AKDT",5X63,UPS63,United Parcel Service (UPS),Louisville (SDF / KSDF),Landed,Boeing 747-8U,93904
"19 Jul 14:45
AKDT",GV5140,N411GV,Grant Aviation,Kenai (ENA / PAEN),Landed,Cessna 208B Grand Caravan,37114
"19 Jul 14:46
AKDT",5X99,UPS99,United Parcel Service (UPS),Louisville (SDF / KSDF),Landed,Boeing 747-44AF,89432
"19 Jul 14:50
AKDT",AS114,ASA114,Alaska Airlines,Seattle (SEA / KSEA),Landed,Boeing 737-890,58766
"19 Jul 14:55
AKDT",FX108,FDX108,Federal Express (FedEx),Memphis (MEM / KMEM),Landed,Boeing 777-FS2,116331
"19 Jul 14:55
AKDT",AS47,ASA47,Alaska Airlines,Juneau (JNU / PAJN),Landed,Boeing 737-990ER,51997
"19 Jul 14:55
AKDT",KE261,KAL261,Korean Air Lines,Chicago (ORD / KORD),Landed,Boeing 747-8B5F,89188
"19 Jul 14:58
AKDT",5X61,UPS61,United Parcel Service (UPS),Louisville (SDF / KSDF),Landed,Boeing 747-8F,93904
"19 Jul 15:00
AKDT",V8802,N715SJ,ATRAN-Aviatrans Cargo Airlines,Iliamna (ILI / PAIL),Landed,Pilatus PC-12,22147
"19 Jul 15:09
AKDT",5X77,UPS77,United Parcel Service (UPS),Louisville (SDF / KSDF),Landed,Boeing 747-8F,93904
"19 Jul 15:10
AKDT",5Y8794,GTI8794,Atlas Air,New York (JFK / KJFK),Landed,Boeing 747-46NF,86529
"19 Jul 15:15
AKDT",5X87,UPS87,United Parcel Service (UPS),Ontario (ONT / KONT),Landed,Boeing 747-8F,98906
"19 Jul 15:30
AKDT",7H8,RVF008,Ravn Alaska,Unalaska (DUT / PADU),Landed,Unknown,0
"19 Jul 15:30
AKDT",GV5150,N269TD,Grant Aviation,Kenai (ENA / PAEN),Landed,Cessna 208B Grand Caravan,37114
"19 Jul 16:00
AKDT",AS35,ASA35,Alaska Airlines,Deadhorse (SCC / PASC),Landed,Boeing 737-9,40577
"19 Jul 16:00
AKDT",DL2471,DAL2471,Delta Air Lines,Seattle (SEA / KSEA),Landed,Boeing 737-9GPER,62684
"19 Jul 16:00
AKDT",7H132,RVF132,Ravn Alaska,Kenai (ENA / PAEN),Landed,De Havilland Canada DHC-8-106 Dash 8,31138
"19 Jul 16:05
AKDT",FX5986,FDX5986,Federal Express (FedEx),Memphis (MEM / KMEM),Landed,Boeing 777-FS2,116331
"19 Jul 16:15
AKDT",AS199,ASA199,Alaska Airlines,King Salmon (AKN / PAKN),Landed,Boeing 737-9,51681
"19 Jul 16:16
AKDT",5X59,UPS59,United Parcel Service (UPS),Ontario (ONT / KONT),Landed,Boeing 747-4R7F,94196
"19 Jul 16:25
AKDT",FX5282,FDX5282,Federal Express (FedEx),Fort Worth (AFW / KAFW),Landed,Boeing 777-FS2,119248
"19 Jul 16:30
AKDT",GV5160,N411GV,Grant Aviation,Kenai (ENA / PAEN),Landed,Cessna 208B Grand Caravan,37114
"19 Jul 16:30
AKDT",V8703,N715HL,ATRAN-Aviatrans Cargo Airlines,Iliamna (ILI / PAIL),Landed,Pilatus PC-12,22147
"19 Jul 16:50
AKDT",FX5016,FDX5016,Federal Express (FedEx),Indianapolis (IND / KIND),Landed,McDonnell Douglas MD-11F,96381
"19 Jul 17:00
AKDT",7H140,RVF140,Ravn Alaska,Kenai (ENA / PAEN),Landed,De Havilland Canada DHC-8-102 Dash 8,31138
"19 Jul 17:15
AKDT",K4961,CKS961,Kalitta Air,Los Angeles (LAX / KLAX),Landed,Boeing 747-4R7F,94326
"19 Jul 17:30
AKDT",GV5170,N269TD,Grant Aviation,Kenai (ENA / PAEN),Landed,Cessna 208B Grand Caravan,37114
"19 Jul 17:30
AKDT",AS11,ASA11,Alaska Airlines,Kodiak (ADQ / PADQ),Landed,Boeing 737-890,49304
"19 Jul 17:40
AKDT",CI5133,CAL5133,China Airlines,Osaka (KIX / RJBB),Landed,Boeing 747-400,87207
"19 Jul 17:45
AKDT",5Y582,GTI582,Atlas Air,Chicago (ORD / KORD),Landed,Boeing 747-8F,89188
"19 Jul 17:45
AKDT",AS96,ASA96,Alaska Airlines,Seattle (SEA / KSEA),Landed,Boeing 737-9,62684
"19 Jul 17:51
AKDT",AS7007,ASA7007,Alaska Airlines,Nome (OME / PAOM),Landed,Boeing 737-790SF,43111
"19 Jul 17:55
AKDT",AS522,ASA522,Alaska Airlines,Fairbanks (FAI / PAFA),Landed,Boeing 737-9,45692
"19 Jul 18:00
AKDT",NC2730,NAC2730,Northern Air Cargo,Bethel (BET / PABE),Landed,Boeing 737-3Q8F,43417
"19 Jul 18:00
AKDT",7H342,RVF342,Ravn Alaska,King Salmon (AKN / PAKN),Landed,De Havilland Canada DHC-8-106 Dash 8,32301
"19 Jul 18:00
AKDT",7H150,RVF150,Ravn Alaska,Kenai (ENA / PAEN),Landed,De Havilland Canada DHC-8-102 Dash 8,31138
"19 Jul 18:10
AKDT",CX3785,CPA3785,Cathay Pacific,Hong Kong (HKG / VHHH),Landed,Boeing 747-867F,112418
"19 Jul 18:10
AKDT",AS45,ASA45,Alaska Airlines,Bethel (BET / PABE),Landed,Boeing 737-890,46519
"19 Jul 18:30
AKDT",7H504,RVF504,Ravn Alaska,Homer (HOM / PAHO),Landed,De Havilland Canada DHC-8-106 Dash 8,31707
"19 Jul 18:30
AKDT",NC730,NAC730,Northern Air Cargo,Bethel (BET / PABE),Landed,Boeing 737-436F,46519
"19 Jul 18:40
AKDT",Y87453,,Suparna Airlines,Chicago (ORD / KORD),Landed,Unknown,0
"19 Jul 18:40
AKDT",CA8411,CCA8411,Air China,Chicago (ORD / KORD),Landed,B77F,106177
"19 Jul 18:40
AKDT",CX2086,CPA2086,Cathay Pacific,Miami (MIA / KMIA),Landed,Boeing 747-8,108539
"19 Jul 18:50
AKDT",AS602,ASA602,Alaska Airlines,Seattle (SEA / KSEA),Landed,Boeing 737-900ER,61117
"19 Jul 18:55
AKDT",GV5180,N411GV,Grant Aviation,Kenai (ENA / PAEN),Landed,Cessna 208B Grand Caravan,37114
"19 Jul 19:00
AKDT",7H142,RVF142,Ravn Alaska,Kenai (ENA / PAEN),Landed,De Havilland Canada DHC-8-106 Dash 8,31138
"19 Jul 19:05
AKDT",CV8481,CLX8481,Cargolux Airlines International,Guadalajara (GDL / MMGL),Landed,Boeing 747-8R7F,114358
"19 Jul 19:15
AKDT",5Y8629,GTI8629,Atlas Air,Chicago (ORD / KORD),Landed,Unknown,0
"19 Jul 19:25
AKDT",AS132,ASA132,Alaska Airlines,Fairbanks (FAI / PAFA),Landed,Boeing 737-990ER,45692
"19 Jul 19:25
AKDT",AS2570,QXE2570,Alaska Airlines,Seattle (SEA / KSEA),Landed,Embraer 170-200LR-175LR,43095
"19 Jul 19:45
AKDT",FX5813,FDX5813,Federal Express (FedEx),Osaka (KIX / RJBB),Landed,Boeing 777-FS2,117214
"19 Jul 19:47
AKDT",AS70,ASA70,Alaska Airlines,Juneau (JNU / PAJN),Landed,Boeing 737-890,48747
"19 Jul 19:55
AKDT",CX3684,CPA3684,Cathay Pacific,Mexico City (MEX / MMMX),Landed,Boeing 747-867F,115520
"19 Jul 20:00
AKDT",CI5322,CAL5322,China Airlines,New York (JFK / KJFK),Landed,Boeing 777-F,108162
"19 Jul 20:00
AKDT",7H136,RVF136,Ravn Alaska,Kenai (ENA / PAEN),Landed,De Havilland Canada DHC-8-106 Dash 8,31138
"19 Jul 20:13
AKDT",UA1589,UAL1589,United Airlines,Houston (IAH / KIAH),Landed,Boeing 737-8,69151
"19 Jul 20:19
AKDT",DL671,DAL671,Delta Air Lines,Atlanta (ATL / KATL),Landed,Airbus A321-271NX,79081
"19 Jul 20:20
AKDT",K4652,CKS652,Kalitta Air,Seoul (ICN / RKSI),Landed,Boeing 747-446SF,90255
"19 Jul 20:30
AKDT",CX2090,CPA2090,Cathay Pacific,Dallas (DFW / KDFW),Landed,Boeing 747-8,100291
"19 Jul 20:30
AKDT",AS252,ASA252,Alaska Airlines,Seattle (SEA / KSEA),Landed,Boeing 737-9,62684
"19 Jul 20:30
AKDT",GV5200,N269TD,Grant Aviation,Kenai (ENA / PAEN),Landed,Cessna 208B Grand Caravan,37114
"19 Jul 20:50
AKDT",UA2271,UAL2271,United Airlines,Chicago (ORD / KORD),Landed,Boeing 737-9,67953
"19 Jul 21:00
AKDT",CI5245,CAL5245,China Airlines,Taipei (TPE / RCTP),Landed,Boeing 747-409F,104140
"19 Jul 21:00
AKDT",PO916,PAC916,Polar Air Cargo,Los Angeles (LAX / KLAX),Landed,Boeing 747-87UF,94326
"19 Jul 21:00
AKDT",7H508,RVF508,Ravn Alaska,Homer (HOM / PAHO),Landed,De Havilland Canada DHC-8-106 Dash 8,31707
"19 Jul 21:03
AKDT",UA1660,UAL1660,United Airlines,New York (EWR / KEWR),Landed,Boeing 737-8,60527
"19 Jul 21:05
AKDT",FX5236,FDX5236,Federal Express (FedEx),Seoul (ICN / RKSI),Landed,Boeing 777-FS2,112819
"19 Jul 21:30
AKDT",DL371,DAL371,Delta Air Lines,Minneapolis (MSP / KMSP),Landed,Airbus A321-211,52950
"19 Jul 21:30
AKDT",GV5210,N411GV,Grant Aviation,Kenai (ENA / PAEN),Landed,Unknown,0
"19 Jul 21:39
AKDT",AA817,AAL817,American Airlines,Dallas (DFW / KDFW),Landed,Airbus A321-231,79783
"19 Jul 21:45
AKDT",7H138,RVF138,Ravn Alaska,Kenai (ENA / PAEN),Landed,De Havilland Canada DHC-8-106 Dash 8,31138
"19 Jul 21:45
AKDT",QF7581,QFA7581,Qantas,Chicago (ORD / KORD),Landed,Boeing 747-400,78995
"19 Jul 21:48
AKDT",5X72,UPS72,United Parcel Service (UPS),Shenzhen (SZX / ZGSZ),Landed,B748,112056
"19 Jul 22:00
AKDT",CZ435,CSN435,China Southern Airlines,Chicago (ORD / KORD),Landed,Boeing 777-F1B,106177
"19 Jul 22:00
AKDT",O37002,,SF Airlines (ShunFeng Airlines),Shenzhen (SZX / ZGSZ),Landed,Boeing 737-31BF,74704
"19 Jul 22:15
AKDT",GV5220,N269TD,Grant Aviation,Kenai (ENA / PAEN),Landed,Cessna 208B Grand Caravan,37114
"19 Jul 22:20
AKDT",AS722,ASA722,Alaska Airlines,Chicago (ORD / KORD),Landed,Boeing 737-990,67953
"19 Jul 22:32
AKDT",AS7099,ASA7099,Alaska Airlines,Juneau (JNU / PAJN),Landed,Boeing 737-790SF,48747
"19 Jul 22:45
AKDT",FX159,FDX159,Federal Express (FedEx),Guangzhou (CAN / ZGGG),Landed,B77L,132411
"19 Jul 23:05
AKDT",FX6011,FDX6011,Federal Express (FedEx),Guangzhou (CAN / ZGGG),Landed,McDonnell Douglas MD-11F,116522
"19 Jul 23:05
AKDT",AS1168,ASA1168,Alaska Airlines,Denver (DEN / KDEN),Landed,Boeing 737-9,69959
"19 Jul 23:10
AKDT",CA8414,,Air China,Shanghai (PVG / ZSPD),Landed,B77F,121867
"19 Jul 23:20
AKDT",AS185,ASA185,Alaska Airlines,Fairbanks (FAI / PAFA),Landed,Boeing 737-900ER,44550
"19 Jul 23:23
AKDT",5X197,UPS197,United Parcel Service (UPS),Louisville (SDF / KSDF),Landed,Boeing 747-8F,93904
"19 Jul 23:30
AKDT",DL2298,DAL2298,Delta Air Lines,Salt Lake City (SLC / KSLC),Landed,Airbus A321-211,56130
"19 Jul 23:30
AKDT",CA8435,CCA8435,Air China,Chicago (ORD / KORD),Landed,Boeing 777-FFT,89188
"19 Jul 23:30
AKDT",KE287,KAL287,Korean Air Lines,Chicago (ORD / KORD),Landed,Boeing 777-FB5,106177
"19 Jul 23:35
AKDT",AS776,ASA776,Alaska Airlines,Seattle (SEA / KSEA),Landed,Boeing 737-990,62684
"19 Jul 23:40
AKDT",CI5231,,China Airlines,Taipei (TPE / RCTP),Landed,Boeing 747-409F,104140
"19 Jul 23:44
AKDT",UA1959,UAL1959,United Airlines,Denver (DEN / KDEN),Landed,Boeing 737-8,61214
"19 Jul 23:45
AKDT",AS150,ASA150,Alaska Airlines,Los Angeles (LAX / KLAX),Landed,Boeing 737-790,70744
"19 Jul 23:50
AKDT",PO752,PAC752,Polar Air Cargo,Cincinnati (CVG / KCVG),Landed,Boeing 747-400,82218
"19 Jul 23:59
AKDT",UA531,UAL531,United Airlines,Chicago (ORD / KORD),Landed,Boeing 737-9,67953
