Date & Status,Primary Flight Number,Flight Number,Airline,Origin,Status,Aircraft Info,CO2 Emission (kg),Destination
"21 Jan 00:07
AKST",K4651,CKS651,Kalitta Air,Hong Kong (HKG / VHHH),Landed,Boeing 747-4B5F,58869,
"21 Jan 00:10
AKST",CX93,CPA093,Cathay Pacific,Chicago (ORD / KORD),Landed,Boeing 747-8,86203,
"21 Jan 00:20
AKST",BR697,EVA697,EVA Airways,Chicago (ORD / KORD),Landed,Boeing 777-F,102622,
"21 Jan 00:21
AKST",DL2108,DAL2108,Delta Air Lines,Seattle (SEA / KSEA),Landed,Boeing 737-832,61874,
"21 Jan 00:29
AKST",AS174,ASA174,Alaska Airlines,Seattle (SEA / KSEA),Landed,Boeing 737-890,59494,
"21 Jan 00:40
AKST",AS193,ASA193,Alaska Airlines,Los Angeles (LAX / KLAX),Landed,Boeing 737-990ER,75508,
"21 Jan 00:50
AKST",KZ132,NCA132,Nippon Cargo Airlines,Tokyo (NRT / RJAA),Landed,Boeing 747-8KZF,63256,
"21 Jan 01:01
AKST",NC731,NAC731,Northern Air Cargo,Bethel (BET / PABE),Landed,Boeing 737-3Q8F,41772,
"21 Jan 01:30
AKST",QF7557,QFA7557,Qantas,Seoul (ICN / RKSI),Landed,Boeing 747-47UF,51296,
"21 Jan 01:32
AKST",AS109,ASA109,Alaska Airlines,Seattle (SEA / KSEA),Landed,Boeing 737-900ER,61874,
"21 Jan 01:48
AKST",5Y8761,GTI8761,Atlas Air,Taipei (TPE / RCTP),Landed,Boeing 747-45EF,59927,
"21 Jan 01:57
AKST",5Y8793,GTI8793,Atlas Air,New York (JFK / KJFK),Landed,Boeing 747-47UF,79853,
"21 Jan 02:01
AKST",CI5318,CAL5318,China Airlines,Nagoya (NGO / RJGG),Landed,Boeing 747-409F,59165,
"21 Jan 02:44
AKST",K4636,CKS636,Kalitta Air,Cincinnati (CVG / KCVG),Landed,Boeing 747-4B5SF,84498,
"21 Jan 02:57
AKST",AS7097,ASA7097,Alaska Airlines,Seattle (SEA / KSEA),Landed,Boeing 737-890,59494,
"21 Jan 02:58
AKST",5Y8778,GTI8778,Atlas Air,Hong Kong (HKG / VHHH),Landed,Boeing 767-3S1ER,55292,
"21 Jan 03:12
AKST",K4635,CKS635,Kalitta Air,Hong Kong (HKG / VHHH),Landed,Boeing 747-4B5SF,58869,
"21 Jan 05:48
AKST",OZ248,AAR248,Asiana Airlines,Seoul (ICN / RKSI),Landed,Boeing 747-419SF,48180,
"21 Jan 06:16
AKST",5X98,UPS98,United Parcel Service (UPS),Ontario (ONT / KONT),Landed,Boeing 747-8F,98967,
"21 Jan 06:25
AKST",5X64,UPS64,United Parcel Service (UPS),Louisville (SDF / KSDF),Landed,B744,85688,
"21 Jan 06:30
AKST",FX169,FDX169,Federal Express (FedEx),Oakland (OAK / KOAK),Landed,B77L,112676,
"21 Jan 06:30
AKST",CI5322,CAL5322,China Airlines,Taipei (TPE / RCTP),Landed,Boeing 747-400,55732,
"21 Jan 06:45
AKST",KZ133,NCA133,Nippon Cargo Airlines,Chicago (ORD / KORD),Landed,Boeing 747-8KZF,86203,
"21 Jan 06:47
AKST",FX31,FDX31,Federal Express (FedEx),Oakland (OAK / KOAK),Landed,B77L,112676,
"21 Jan 06:52
AKST",5X62,UPS62,United Parcel Service (UPS),Louisville (SDF / KSDF),Landed,Boeing 747-8F,89973,
"21 Jan 06:53
AKST",AS828,ASA828,Alaska Airlines,Honolulu (HNL / PHNL),Landed,Boeing 737-9,81595,
"21 Jan 06:53
AKST",AS836,ASA836,Alaska Airlines,Kahului (OGG / PHOG),Landed,Boeing 737-9,82321,
"21 Jan 06:57
AKST",FX81,FDX81,Federal Express (FedEx),Memphis (MEM / KMEM),Landed,McDonnell Douglas MD-11F,99015,
"21 Jan 07:00
AKST",FX20,FDX20,Federal Express (FedEx),Oakland (OAK / KOAK),Landed,McDonnell Douglas MD-11F,99155,
"21 Jan 07:00
AKST",AS873,ASA873,Alaska Airlines,Kailua-Kona (KOA / PHKO),Landed,Boeing 737-890,78230,
"21 Jan 07:05
AKST",KO145,AER145,Alaska Central Express,Kodiak (ADQ / PADQ),Landed,Beech 1900C-1,29127,
"21 Jan 07:08
AKST",5X102,UPS102,United Parcel Service (UPS),Chicago (RFD / KRFD),Landed,Boeing 767-34AERF,73900,
"21 Jan 07:11
AKST",KE8286,KAL8286,Korean Air Lines,Atlanta (ATL / KATL),Landed,Boeing 777-F,112776,
"21 Jan 07:32
AKST",5X104,UPS104,United Parcel Service (UPS),Louisville (SDF / KSDF),Landed,B763,77120,
"21 Jan 07:40
AKST",BR658,EVA658,EVA Airways,Taipei (TPE / RCTP),Landed,Boeing 777-F,74909,
"21 Jan 07:45
AKST",L2703,,Lynden Air Cargo,Bethel (BET / PABE),Landed,Lockheed 100-30 Hercules,71609,
"21 Jan 07:48
AKST",FX5132,FDX5132,Federal Express (FedEx),Memphis (MEM / KMEM),Landed,McDonnell Douglas MD-11F,99015,
"21 Jan 07:55
AKST",AS196,ASA196,Alaska Airlines,Kodiak (ADQ / PADQ),Landed,Boeing 737-890,48545,
"21 Jan 08:03
AKST",FX157,FDX157,Federal Express (FedEx),Memphis (MEM / KMEM),Landed,Boeing 777-FS2,112517,
"21 Jan 08:25
AKST",KO31,AER31,Alaska Central Express,King Salmon (AKN / PAKN),Landed,Beech 1900C,28324,
"21 Jan 08:27
AKST",FX23,FDX23,Federal Express (FedEx),Memphis (MEM / KMEM),Landed,Boeing 777-FS2,112517,
"21 Jan 08:35
AKST",7H147,RVF147,Ravn Alaska,Kenai (ENA / PAEN),Landed,De Havilland Canada DHC-8-106 Dash 8,30984,
"21 Jan 08:45
AKST",KO52,AER52,Alaska Central Express,Dillingham (DLG / PADL),Landed,Beech 1900C-1,27978,
"21 Jan 08:51
AKST",AS173,ASA173,Alaska Airlines,Seattle (SEA / KSEA),Landed,Boeing 737-990ER,63461,
"21 Jan 08:55
AKST",AS9561,ASA9561,Alaska Airlines,Kodiak (ADQ / PADQ),Landed,Boeing 737-790SF,48545,
"21 Jan 09:22
AKST",AS73,ASA73,Alaska Airlines,Juneau (JNU / PAJN),Landed,Boeing 737-700,47911,
"21 Jan 09:50
AKST",AS85,ASA85,Alaska Airlines,Seattle (SEA / KSEA),Landed,Boeing 737-890,59494,
"21 Jan 09:50
AKST",CX3296,CPA3296,Cathay Pacific,Hong Kong (HKG / VHHH),Landed,Boeing 747-8,61813,
"21 Jan 09:53
AKST",AS2412,QXE2412,Alaska Airlines,Fairbanks (FAI / PAFA),Landed,Embraer 170-200LR-175LR,31902,
"21 Jan 10:05
AKST",AS80,ASA80,Alaska Airlines,Deadhorse (SCC / PASC),Landed,Boeing 737-9,41790,
"21 Jan 10:05
AKST",7H501,RVF501,Ravn Alaska,Homer (HOM / PAHO),Landed,De Havilland Canada DHC-8-100 Dash 8 / 8Q,31454,
"21 Jan 10:18
AKST",5X109,UPS109,United Parcel Service (UPS),Tokyo (NRT / RJAA),Landed,Boeing 747-44AF,60243,
"21 Jan 10:30
AKST",OZ247,AAR247,Asiana Airlines,Atlanta (ATL / KATL),Landed,Boeing 747-48ESF,90221,
"21 Jan 10:35
AKST",PO989,PAC989,Polar Air Cargo,Cincinnati (CVG / KCVG),Landed,Boeing 777-FZB,105623,
"21 Jan 10:40
AKST",7H149,RVF149,Ravn Alaska,Kenai (ENA / PAEN),Landed,De Havilland Canada DHC-8-103 Dash 8,30984,
"21 Jan 10:55
AKST",SQ7980,SIA7980,Singapore Airlines,Hong Kong (HKG / VHHH),Landed,Boeing 747-412F,58869,
"21 Jan 11:16
AKST",5X67,UPS67,United Parcel Service (UPS),Osaka (KIX / RJBB),Landed,B748,61658,
"21 Jan 11:35
AKST",KZ160,NCA160,Nippon Cargo Airlines,Tokyo (NRT / RJAA),Landed,Boeing 747-8KZF,63256,
"21 Jan 11:52
AKST",AS83,ASA83,Alaska Airlines,Seattle (SEA / KSEA),Landed,Boeing 737-9,63461,
"21 Jan 12:08
AKST",FX14,FDX14,Federal Express (FedEx),Taipei (TPE / RCTP),Landed,McDonnell Douglas MD-11F,65919,
"21 Jan 12:15
AKST",NC723,NAC723,Northern Air Cargo,Kotzebue (OTZ / PAOT),Landed,Boeing 737-3Q8F,37365,
"21 Jan 12:21
AKST",AS75,ASA75,Alaska Airlines,Portland (PDX / KPDX),Landed,Boeing 737-890,61041,
"21 Jan 12:25
AKST",V8704,N715HL,ATRAN-Aviatrans Cargo Airlines,Iliamna (ILI / PAIL),Landed,Pilatus PC-12,21756,
"21 Jan 12:35
AKST",CX91,CPA091,Cathay Pacific,Dallas (DFW / KDFW),Landed,Boeing 747-8,98384,
"21 Jan 12:37
AKST",FX5928,FDX5928,Federal Express (FedEx),Seoul (ICN / RKSI),Landed,B77L,64120,
"21 Jan 12:50
AKST",KO32,AER32,Alaska Central Express,King Salmon (AKN / PAKN),Landed,Beech 1900C,28324,
"21 Jan 12:50
AKST",AS49,ASA49,Alaska Airlines,Seattle (SEA / KSEA),Landed,Boeing 737-700,57115,
"21 Jan 13:05
AKST",KE257,KAL257,Korean Air Lines,Seoul (ICN / RKSI),Landed,Boeing 777-F,64120,
"21 Jan 13:10
AKST",NC721,NAC721,Northern Air Cargo,Nome (OME / PAOM),Landed,De Havilland Canada DHC-8-Q402 Dash 8,27568,
"21 Jan 13:13
AKST",FX5012,FDX5012,Federal Express (FedEx),Hong Kong (HKG / VHHH),Landed,Boeing 777-F,73587,
"21 Jan 13:15
AKST",7H507,RVF507,Ravn Alaska,Homer (HOM / PAHO),Landed,De Havilland Canada DHC-8-100 Dash 8 / 8Q,31454,
"21 Jan 13:18
AKST",FX5282,FDX5282,Federal Express (FedEx),Shanghai (PVG / ZSPD),Landed,Boeing 777-FS2,68168,
"21 Jan 13:25
AKST",L2401,LYC401,Lynden Air Cargo,Nome (OME / PAOM),Landed,Lockheed 100-30 Hercules,66163,
"21 Jan 13:28
AKST",M61010,AJT1010,Amerijet International,Seoul (ICN / RKSI),Landed,Boeing 767-300F,46167,
"21 Jan 13:37
AKST",5Y8628,GTI8628,Atlas Air,Los Angeles (LAX / KLAX),Landed,B744,94385,
"21 Jan 13:45
AKST",AS44,ASA44,Alaska Airlines,Bethel (BET / PABE),Landed,Boeing 737-890,44756,
"21 Jan 13:48
AKST",PO656,PAC656,Polar Air Cargo,Seoul (ICN / RKSI),Landed,Boeing 777-F16,64120,
"21 Jan 13:50
AKST",OZ242,AAR242,Asiana Airlines,Seoul (ICN / RKSI),Landed,B744,51296,
"21 Jan 13:52
AKST",AS93,ASA93,Alaska Airlines,Seattle (SEA / KSEA),Landed,Boeing 737-890,59494,
"21 Jan 14:01
AKST",AS54,ASA54,Alaska Airlines,Kotzebue (OTZ / PAOT),Landed,Boeing 737-890,40034,
"21 Jan 14:15
AKST",O37002,,SF Airlines (ShunFeng Airlines),Los Angeles (LAX / KLAX),Landed,Boeing 737-31BF,66070,
"21 Jan 14:17
AKST",AS68,ASA68,Alaska Airlines,Fairbanks (FAI / PAFA),Landed,Boeing 737-900WL,45242,
"21 Jan 14:25
AKST",KE283,KAL283,Korean Air Lines,Seoul (ICN / RKSI),Landed,Boeing 747-8B5F,53861,
"21 Jan 14:26
AKST",AS2179,QXE2179,Alaska Airlines,Everett (PAE / KPAE),Landed,Embraer 170-200LR-175LR,43354,
"21 Jan 14:35
AKST",VC1101,SRY1101,ViaAir,Cold Bay (CDB / PACD),Landed,Saab 2000,32573,
"21 Jan 14:36
AKST",DL2471,DAL2471,Delta Air Lines,Seattle (SEA / KSEA),Landed,Boeing 737-9GPER,63461,
"21 Jan 14:38
AKST",KO43,AER43,Alaska Central Express,Juneau (JNU / PAJN),Landed,Beech 1900C-1,29944,
"21 Jan 14:40
AKST",AS152,ASA152,Alaska Airlines,Nome (OME / PAOM),Landed,Boeing 737-890,41352,
"21 Jan 14:42
AKST",KO144,AER144,Alaska Central Express,Kodiak (ADQ / PADQ),Landed,Beech 1900C-1,29127,
"21 Jan 14:42
AKST",AS61,ASA61,Alaska Airlines,Cordova (CDV / PACV),Landed,Boeing 737-790,47219,
"21 Jan 14:50
AKST",CX3283,CPA3283,Cathay Pacific,Atlanta (ATL / KATL),Landed,Boeing 747-8,94732,
"21 Jan 15:03
AKST",KO33,AER33,Alaska Central Express,Iliamna (ILI / PAIL),Landed,Beech 1900C-1,27973,
"21 Jan 15:04
AKST",AS175,ASA175,Alaska Airlines,Seattle (SEA / KSEA),Landed,Boeing 737-800,61874,
"21 Jan 15:10
AKST",CX96,CPA96,Cathay Pacific,Hong Kong (HKG / VHHH),Landed,Boeing 747-8,61813,
"21 Jan 15:20
AKST",CX87,CPA087,Cathay Pacific,Guadalajara (GDL / MMGL),Landed,Boeing 747-8,113664,
"21 Jan 15:20
AKST",7H217,RVF217,Ravn Alaska,St. Mary's (KSM / PASM),Landed,Aerospatiale AS350 B2 AStar,26124,
"21 Jan 15:29
AKST",AS2211,QXE2211,Alaska Airlines,King Salmon (AKN / PAKN),Landed,Embraer 175 (long wing),34618,
"21 Jan 15:31
AKST",CI5317,CAL5317,China Airlines,Chicago (ORD / KORD),Landed,Boeing 747-409F,82098,
"21 Jan 15:35
AKST",CX3281,CPA3281,Cathay Pacific,Portland (PDX / KPDX),Landed,Boeing 747-8,85457,
"21 Jan 16:05
AKST",AS2328,QXE2328,Alaska Airlines,Fairbanks (FAI / PAFA),Landed,Embraer 175 (long wing),31902,
"21 Jan 16:14
AKST",AS65,ASA65,Alaska Airlines,Juneau (JNU / PAJN),Landed,Boeing 737-790,49907,
"21 Jan 16:15
AKST",AS189,ASA189,Alaska Airlines,Seattle (SEA / KSEA),Landed,Boeing 737-800,61874,
"21 Jan 16:17
AKST",NC755,NAC755,Northern Air Cargo,Unalakleet (UNK / PAUN),Landed,Embraer 190-100AR,34046,
"21 Jan 16:21
AKST",KO45,AER45,Alaska Central Express,Ketchikan (KTN / PAKT),Landed,Beech 1900C-1,31538,
"21 Jan 16:40
AKST",KO46,AER46,Alaska Central Express,Sitka (SIT / PASI),Landed,Beech 1900C-1,30559,
"21 Jan 16:43
AKST",5X61,UPS61,United Parcel Service (UPS),Hong Kong (HKG / VHHH),Landed,Boeing 747-8F,61813,
"21 Jan 16:45
AKST",L2744,,Lynden Air Cargo,St. Mary's (KSM / PASM),Landed,Lockheed L-182 / 282 / 382 (L-100) Hercules,69664,
"21 Jan 16:55
AKST",CI5321,CAL5321,China Airlines,New York (JFK / KJFK),Landed,Boeing 747-400,74263,
"21 Jan 16:58
AKST",FX5813,FDX5813,Federal Express (FedEx),Memphis (MEM / KMEM),Landed,Boeing 777-FS2,112517,
"21 Jan 17:10
AKST",5Y551,GTI551,Atlas Air,Halifax (YHZ / CYHZ),Landed,Boeing 777-200LR / Boeing 777F,90243,
"21 Jan 17:20
AKST",BR625,EVA625,EVA Airways,New York (JFK / KJFK),Landed,Boeing 777-F,99816,
"21 Jan 17:25
AKST",7H131,RVF131,Ravn Alaska,Kenai (ENA / PAEN),Landed,De Havilland Canada DHC-8-106 Dash 8,30984,
"21 Jan 17:30
AKST",NC773,,Northern Air Cargo,King Salmon (AKN / PAKN),Landed,Boeing 737-436F,47207,
"21 Jan 17:30
AKST",NC772,,Northern Air Cargo,Dillingham (DLG / PADL),Landed,Boeing 737-436F,46630,
"21 Jan 18:05
AKST",BR667,EVA667,EVA Airways,Atlanta (ATL / KATL),Landed,Boeing 777-F,112776,
"21 Jan 18:24
AKST",CX3683,CPA3683,Cathay Pacific,Guadalajara (GDL / MMGL),Landed,Boeing 747-8F,113664,
"21 Jan 18:25
AKST",CX2070,CPA2070,Cathay Pacific,Hong Kong (HKG / VHHH),Landed,Boeing 747-867F,61813,
"21 Jan 18:28
AKST",AS275,ASA275,Alaska Airlines,Seattle (SEA / KSEA),Landed,Boeing 737-900,61874,
"21 Jan 18:41
AKST",AS2416,QXE2416,Alaska Airlines,Fairbanks (FAI / PAFA),Landed,Embraer 175 (long wing),31902,
"21 Jan 18:47
AKST",FX9236,FDX9236,Federal Express (FedEx),Indianapolis (IND / KIND),Landed,Boeing 777-FS2,105207,
"21 Jan 19:00
AKST",KZ131,NCA131,Nippon Cargo Airlines,Chicago (ORD / KORD),Landed,Boeing 747-8KZF,86203,
"21 Jan 19:00
AKST",KE273,KAL273,Korean Air Lines,Seoul (ICN / RKSI),Landed,Boeing 777-F,64120,
"21 Jan 19:22
AKST",N8838,NCR838,National Airlines,Phnom Penh (PNH / VDPP),Landed,Unknown,0,
"21 Jan 19:27
AKST",AS7011,ASA7011,Alaska Airlines,Nome (OME / PAOM),Landed,Boeing 737-890,41352,
"21 Jan 19:30
AKST",CZ411,CSN411,China Southern Airlines,Shenzhen (SZX / ZGSZ),Landed,B77L,73120,
"21 Jan 19:37
AKST",AS50,ASA50,Alaska Airlines,Barrow (BRW / PABR),Landed,Boeing 737-890,37484,
"21 Jan 19:45
AKST",KD3956,WGN3956,Western Global Airlines,Seoul (ICN / RKSI),Landed,McDonnell Douglas MD-11F,56426,
"21 Jan 19:46
AKST",5X77,UPS77,United Parcel Service (UPS),Shenzhen (SZX / ZGSZ),Landed,Boeing 747-8F,61421,
"21 Jan 19:47
AKST",FX5236,FDX5236,Federal Express (FedEx),Indianapolis (IND / KIND),Landed,Boeing 777-FS2,105207,
"21 Jan 20:00
AKST",5X63,UPS63,United Parcel Service (UPS),Hong Kong (HKG / VHHH),Landed,Boeing 747-8F,61813,
"21 Jan 20:05
AKST",FX6021,FDX6021,Federal Express (FedEx),Oakland (OAK / KOAK),Landed,McDonnell Douglas MD-11F,99155,
"21 Jan 20:07
AKST",AS2408,QXE2408,Alaska Airlines,Fairbanks (FAI / PAFA),Landed,Embraer 170-200LR-175LR,31902,
"21 Jan 20:08
AKST",AS157,ASA157,Alaska Airlines,Kotzebue (OTZ / PAOT),Landed,Boeing 737-700,38432,
"21 Jan 20:08
AKST",5Y532,GTI532,Atlas Air,Shanghai (PVG / ZSPD),Landed,Boeing 747-47UF,54534,
"21 Jan 20:11
AKST",L2401,LYC401,Lynden Air Cargo,Kotzebue (OTZ / PAOT),Landed,Lockheed 100-30 Hercules,64054,
"21 Jan 20:43
AKST",AS99,ASA99,Alaska Airlines,Seattle (SEA / KSEA),Landed,Boeing 737-890,59494,
"21 Jan 20:48
AKST",AS46,ASA46,Alaska Airlines,Bethel (BET / PABE),Landed,Boeing 737-890,44756,
"21 Jan 20:50
AKST",7H145,RVF145,Ravn Alaska,Kenai (ENA / PAEN),Landed,Sikorsky S-92A,27886,
"21 Jan 20:56
AKST",DL965,DAL965,Delta Air Lines,Seattle (SEA / KSEA),Landed,Airbus A321-211,51562,
"21 Jan 20:56
AKST",5Y8710,GTI8710,Atlas Air,Chongqing (CKG / ZUCK),Landed,Boeing 747-45EF,48128,
"21 Jan 21:10
AKST",NC731,NAC731,Northern Air Cargo,Bethel (BET / PABE),Landed,Boeing 737-3Q8F,41772,
"21 Jan 21:20
AKST",PO228,PAC228,Polar Air Cargo,Shanghai (PVG / ZSPD),Landed,Boeing 747-87UF,54534,
"21 Jan 21:34
AKST",5Y8984,GTI8984,Atlas Air,Tokyo (NRT / RJAA),Landed,Boeing 747-47UF,60243,
"21 Jan 21:45
AKST",AS57,ASA57,Alaska Airlines,Seattle (SEA / KSEA),Landed,Boeing 737-700,57115,
"21 Jan 21:55
AKST",KE279,KAL279,Korean Air Lines,Xi'an (XIY / ZLXY),Landed,Boeing 747-4B5ERF,44703,
"21 Jan 22:01
AKST",CI5245,CAL5245,China Airlines,Atlanta (ATL / KATL),Landed,Boeing 747-409F,90221,
"21 Jan 22:20
AKST",KE259,KAL259,Korean Air Lines,Shanghai (PVG / ZSPD),Landed,Boeing 747-8B5F,57261,
"21 Jan 22:30
AKST",CZ437,CSN437,China Southern Airlines,Shanghai (PVG / ZSPD),Landed,Boeing 777-F1B,68168,
"21 Jan 22:47
AKST",AS67,ASA67,Alaska Airlines,Juneau (JNU / PAJN),Landed,Boeing 737-9,53234,
"21 Jan 22:50
AKST",AS141,ASA141,Alaska Airlines,Phoenix (PHX / KPHX),Landed,Boeing 737-890,71077,
"21 Jan 22:54
AKST",UA280,UAL280,United Airlines,Denver (DEN / KDEN),Landed,Boeing 737-8,60952,
"21 Jan 23:00
AKST",AS148,ASA148,Alaska Airlines,Seattle (SEA / KSEA),Landed,Boeing 737-800,61874,
"21 Jan 23:05
AKST",BR636,EVA636,EVA Airways,Taipei (TPE / RCTP),Landed,Boeing 777-F,74909,
"21 Jan 23:11
AKST",K4657,CKS657,Kalitta Air,Hong Kong (HKG / VHHH),Landed,Boeing 747-4B5F,58869,
"21 Jan 23:15
AKST",CA1045,CAO1045,Air China,Chengdu (CTU / ZUUU),Landed,Boeing 747-400,42788,
"21 Jan 23:30
AKST",PO764,PAC764,Polar Air Cargo,Hong Kong (HKG / VHHH),Landed,Boeing 777-FZB,73587,
"21 Jan 23:39
AKST",5X38,UPS38,United Parcel Service (UPS),Honolulu (HNL / PHNL),Landed,Boeing 747-8U,107093,
"21 Jan 23:44
AKST",AS197,ASA197,Alaska Airlines,Portland (PDX / KPDX),Landed,Boeing 737-790,61041,
"21 Jan 23:55
AKST",CA1078,CAO1078,Air China,New York (JFK / KJFK),Landed,Boeing 777-FFT,99816,
"21 Jan 23:59
AKST",AS107,ASA107,Alaska Airlines,Seattle (SEA / KSEA),Landed,Boeing 737-990ER,63461,
"21 Jan 00:00
AKST",5Y8627,GTI8627,Atlas Air,,Landed,Boeing 747-4KZF,94326,Los Angeles (LAX / KLAX)
"21 Jan 00:05
AKST",BR626,EVA626,EVA Airways,,Landed,Boeing 777-F,108162,New York (JFK / KJFK)
"21 Jan 00:05
AKST",AS150,ASA150,Alaska Airlines,,Landed,Boeing 737-790,70744,Los Angeles (LAX / KLAX)
"21 Jan 00:20
AKST",CA8443,CCA8443,Air China,,Landed,Boeing 777-FFT,106177,Chicago (ORD / KORD)
"21 Jan 00:30
AKST",CX3280,CPA3280,Cathay Pacific,,Landed,Boeing 747-867F,99042,Los Angeles (LAX / KLAX)
"21 Jan 00:40
AKST",5Y8470,GTI8470,Atlas Air,,Landed,Boeing 747-46NF,84941,Chicago (ORD / KORD)
"21 Jan 00:55
AKST",AS110,ASA110,Alaska Airlines,,Landed,Boeing 737-990ER,62684,Seattle (SEA / KSEA)
"21 Jan 00:55
AKST",CA1077,CAO1077,Air China Cargo,,Landed,B77L,108162,New York (JFK / KJFK)
"21 Jan 01:23
AKST",DL1382,DAL1382,Delta Air Lines,,Landed,Airbus A319-114,50931,Seattle (SEA / KSEA)
"21 Jan 01:25
AKST",CX93,CPA093,Cathay Pacific,,Landed,Boeing 747-867F,112418,Hong Kong (HKG / VHHH)
"21 Jan 01:33
AKST",K4651,CKS651,Kalitta Air,,Landed,Boeing 747-4B5F,86529,New York (JFK / KJFK)
"21 Jan 01:50
AKST",CZ477,CSN477,China Southern Airlines,,Landed,Unknown,0,Los Angeles (LAX / KLAX)
"21 Jan 01:55
AKST",BR668,EVA668,EVA Airways,,Landed,Boeing 777-F,118343,Atlanta (ATL / KATL)
"21 Jan 01:55
AKST",AS198,ASA198,Alaska Airlines,,Landed,Boeing 737-790,60457,Portland (PDX / KPDX)
"21 Jan 02:20
AKST",5Y8641,GTI8641,Atlas Air,,Landed,Boeing 747-8F,94768,Seoul (ICN / RKSI)
"21 Jan 02:40
AKST",FX6020,FDX6020,Federal Express (FedEx),,Landed,McDonnell Douglas MD-11F,98957,Oakland (OAK / KOAK)
"21 Jan 02:55
AKST",AS94,ASA94,Alaska Airlines,,Landed,Boeing 737-990ER,62684,Seattle (SEA / KSEA)
"21 Jan 03:00
AKST",KO43,AER43,Alaska Central Express,,Landed,Beech 1900C-1,30908,Ketchikan (KTN / PAKT)
"21 Jan 03:00
AKST",QF7557,QFA7557,Qantas,,Landed,Boeing 747-47UF,84941,Chicago (ORD / KORD)
"21 Jan 03:00
AKST",KO41,,Alaska Central Express,,Landed,B190,28614,Yakutat (YAK / PAYA)
"21 Jan 03:00
AKST",KO42,AER42,Alaska Central Express,,Landed,Beech 1900C-1,28069,Cordova (CDV / PACV)
"21 Jan 03:00
AKST",FX6022,FDX6022,Federal Express (FedEx),,Landed,Boeing 777-FFX,82296,Indianapolis (IND / KIND)
"21 Jan 03:11
AKST",FX5922,FDX5922,Federal Express (FedEx),,Landed,Boeing 777-FS2,116331,Memphis (MEM / KMEM)
"21 Jan 03:20
AKST",5Y8761,GTI8761,Atlas Air,,Landed,Boeing 747-45EF,94326,Los Angeles (LAX / KLAX)
"21 Jan 03:20
AKST",5Y8793,GTI8793,Atlas Air,,Landed,Boeing 747-47UF,90255,Seoul (ICN / RKSI)
"21 Jan 03:45
AKST",L2703,,Lynden Air Cargo,,Landed,Lockheed 100-30 Hercules,74430,Bethel (BET / PABE)
"21 Jan 04:00
AKST",CI5318,CAL5318,China Airlines,,Landed,Boeing 747-409F,84941,Chicago (ORD / KORD)
"21 Jan 04:30
AKST",KO145,AER145,Alaska Central Express,,Landed,Beech 1900C-1,29583,Kodiak (ADQ / PADQ)
"21 Jan 04:45
AKST",K4636,CKS636,Kalitta Air,,Landed,Boeing 747-4B5SF,107065,Hong Kong (HKG / VHHH)
"21 Jan 05:00
AKST",AS188,ASA188,Alaska Airlines,,Landed,Boeing 737-9,62684,Seattle (SEA / KSEA)
"21 Jan 05:05
AKST",K4635,CKS635,Kalitta Air,,Landed,Boeing 747-4B5SF,88406,Cincinnati (CVG / KCVG)
"21 Jan 05:15
AKST",5Y8778,GTI8778,Atlas Air,,Landed,Boeing 767-3S1ER,81272,New York (JFK / KJFK)
"21 Jan 05:25
AKST",KO31,AER31,Alaska Central Express,,Landed,Beech 1900C,29070,King Salmon (AKN / PAKN)
"21 Jan 05:25
AKST",KO52,AER52,Alaska Central Express,,Landed,Beech 1900C-1,28867,Dillingham (DLG / PADL)
"21 Jan 05:40
AKST",AS79,ASA79,Alaska Airlines,,Landed,Boeing 737-790,38041,Deadhorse (SCC / PASC)
"21 Jan 06:00
AKST",AS82,ASA82,Alaska Airlines,,Landed,Boeing 737 MAX 8,47013,Seattle (SEA / KSEA)
"21 Jan 06:00
AKST",KO65,AER65,Alaska Central Express,,Landed,Beech 1900C,30930,Sand Point (SDP / KSDP)
"21 Jan 06:00
AKST",DL1359,DAL1359,Delta Air Lines,,Landed,Boeing 737-9GPER,62684,Seattle (SEA / KSEA)
"21 Jan 06:00
AKST",CI5256,CAL5256,China Airlines,,Landed,Boeing 747-400,88047,Atlanta (ATL / KATL)
"21 Jan 06:15
AKST",AS9561,ASA9561,Alaska Airlines,,Landed,Boeing 737-790SF,49304,Kodiak (ADQ / PADQ)
"21 Jan 06:50
AKST",OZ248,AAR248,Asiana Airlines,,Landed,Boeing 747-419SF,79780,Chicago (ORD / KORD)
"21 Jan 07:00
AKST",7H146,RVF146,Ravn Alaska,,Landed,De Havilland Canada DHC-8-106 Dash 8,31138,Kenai (ENA / PAEN)
"21 Jan 07:00
AKST",AS102,ASA102,Alaska Airlines,,Landed,Boeing 737-790,58766,Seattle (SEA / KSEA)
"21 Jan 07:00
AKST",AS2412,QXE2412,Alaska Airlines,,Landed,Embraer 170-200LR-175LR,31413,Fairbanks (FAI / PAFA)
"21 Jan 07:15
AKST",VC1101,SRY1101,ViaAir,,Diverted,Saab 2000,35236,Unalaska (DUT / PADU)
"21 Jan 07:20
AKST",KZ133,NCA133,Nippon Cargo Airlines,,Landed,Boeing 747-8KZF,96845,Tokyo (NRT / RJAA)
"21 Jan 07:30
AKST",NC720,NAC720,Northern Air Cargo,,Landed,De Havilland Canada DHC-8-Q402 Dash 8,28740,Nome (OME / PAOM)
"21 Jan 07:40
AKST",AS62,ASA62,Alaska Airlines,,Landed,Boeing 737-890,48747,Juneau (JNU / PAJN)
"21 Jan 08:00
AKST",L2401,LYC401,Lynden Air Cargo,,Landed,Lockheed 100-30 Hercules,68977,Nome (OME / PAOM)
"21 Jan 08:00
AKST",GV96Y,,Grant Aviation,,Landed,Unknown,0,Petersburg (PSG / PAPG)
"21 Jan 08:00
AKST",7H500,RVF500,Ravn Alaska,,Landed,De Havilland Canada DHC-8-106 Dash 8,31707,Homer (HOM / PAHO)
"21 Jan 08:05
AKST",AS76,ASA76,Alaska Airlines,,Landed,Boeing 737-700,58038,Portland (PDX / KPDX)
"21 Jan 08:09
AKST",PO987,PAC987,Polar Air Cargo,,Landed,Boeing 747-87UF,88406,Cincinnati (CVG / KCVG)
"21 Jan 08:15
AKST",KE8286,KAL8286,Korean Air Lines,,Landed,Boeing 777-F,112819,Seoul (ICN / RKSI)
"21 Jan 08:30
AKST",NC722,NAC722,Northern Air Cargo,,Landed,Boeing 737-3Q8F,38241,Kotzebue (OTZ / PAOT)
"21 Jan 08:44
AKST",AS7029,ASA7029,Alaska Airlines,,Landed,Boeing 737-790SF,40972,Kotzebue (OTZ / PAOT)
"21 Jan 09:00
AKST",AS56,ASA56,Alaska Airlines,,Landed,Boeing 737-890,58766,Seattle (SEA / KSEA)
"21 Jan 09:00
AKST",5V880,VTS880,Everts Air,,Landed,McDonnell Douglas MD-82SF,46589,Unalakleet (UNK / PAUN)
"21 Jan 09:05
AKST",7H148,RVF148,Ravn Alaska,,Landed,De Havilland Canada DHC-8-103 Dash 8,31138,Kenai (ENA / PAEN)
"21 Jan 09:10
AKST",KO45,AER45,Alaska Central Express,,Landed,Beech 1900C-1,30908,Ketchikan (KTN / PAKT)
"21 Jan 09:10
AKST",CZ497,CSN497,China Southern Airlines,,Landed,Unknown,0,Chicago (ORD / KORD)
"21 Jan 09:45
AKST",KZ160,NCA160,Nippon Cargo Airlines,,Landed,Boeing 747-8KZF,89188,Chicago (ORD / KORD)
"21 Jan 10:00
AKST",AS156,ASA156,Alaska Airlines,,Landed,Boeing 737-990ER,62684,Seattle (SEA / KSEA)
"21 Jan 10:00
AKST",L2744,,Lynden Air Cargo,,Landed,Lockheed L-182 / 282 / 382 (L-100) Hercules,72550,St. Mary's (KSM / PASM)
"21 Jan 10:04
AKST",AS55,ASA55,Alaska Airlines,,Landed,Boeing 737-790,40972,Kotzebue (OTZ / PAOT)
"21 Jan 10:20
AKST",5X104,UPS104,United Parcel Service (UPS),,Landed,B763,84394,Osaka (KIX / RJBB)
"21 Jan 10:20
AKST",AS43,ASA43,Alaska Airlines,,Landed,Boeing 737-890,46519,Bethel (BET / PABE)
"21 Jan 10:30
AKST",FX19,FDX19,Federal Express (FedEx),,Landed,B77L,117214,Osaka (KIX / RJBB)
"21 Jan 10:31
AKST",5X62,UPS62,United Parcel Service (UPS),,Landed,Boeing 747-8F,112418,Hong Kong (HKG / VHHH)
"21 Jan 10:40
AKST",7H216,RVF216,Ravn Alaska,,Landed,Eurocopter AS350 B2 AStar,27206,St. Mary's (KSM / PASM)
"21 Jan 10:45
AKST",AS151,ASA151,Alaska Airlines,,Landed,Boeing 737-990ER,45985,Nome (OME / PAOM)
"21 Jan 10:49
AKST",AS2211,QXE2211,Alaska Airlines,,Landed,Embraer 175 (long wing),35282,Dillingham (DLG / PADL)
"21 Jan 10:55
AKST",AS64,ASA64,Alaska Airlines,,Landed,Boeing 737-890,48747,Juneau (JNU / PAJN)
"21 Jan 10:55
AKST",CX3296,CPA3296,Cathay Pacific,,Landed,Boeing 747-8,90856,New York (JFK / KJFK)
"21 Jan 10:57
AKST",FX5132,FDX5132,Federal Express (FedEx),,Landed,McDonnell Douglas MD-11F,99281,Seoul (ICN / RKSI)
"21 Jan 11:00
AKST",KO33,AER33,Alaska Central Express,,Landed,Beech 1900C-1,29070,King Salmon (AKN / PAKN)
"21 Jan 11:10
AKST",7H506,RVF506,Ravn Alaska,,Landed,De Havilland Canada DHC-8-106 Dash 8,31707,Homer (HOM / PAHO)
"21 Jan 11:15
AKST",KO144,AER144,Alaska Central Express,,Landed,Beech 1900C-1,29583,Kodiak (ADQ / PADQ)
"21 Jan 11:30
AKST",KO46,AER46,Alaska Central Express,,Landed,Beech 1900C-1,29971,Sitka (SIT / PASI)
"21 Jan 11:35
AKST",FX23,FDX23,Federal Express (FedEx),,Landed,Boeing 777-FS2,133831,Hong Kong (HKG / VHHH)
"21 Jan 12:00
AKST",AS100,ASA100,Alaska Airlines,,Landed,Boeing 737-9,62684,Seattle (SEA / KSEA)
"21 Jan 12:15
AKST",PO989,PAC989,Polar Air Cargo,,Landed,Boeing 777-FZB,112819,Seoul (ICN / RKSI)
"21 Jan 12:20
AKST",FX157,FDX157,Federal Express (FedEx),,Landed,Boeing 777-FS2,115291,Tokyo (NRT / RJAA)
"21 Jan 12:25
AKST",SQ7980,SIA7980,Singapore Airlines,,Landed,Boeing 747-412F,95515,Dallas (DFW / KDFW)
"21 Jan 12:30
AKST",V8705,N715HL,ATRAN-Aviatrans Cargo Airlines,,Landed,Pilatus PC-12,22147,Iliamna (ILI / PAIL)
"21 Jan 12:45
AKST",5X67,UPS67,United Parcel Service (UPS),,Landed,B748,93904,Louisville (SDF / KSDF)
"21 Jan 13:00
AKST",NC772,NAC772,Northern Air Cargo,,Landed,Boeing 737-436F,48451,King Salmon (AKN / PAKN)
"21 Jan 13:00
AKST",AS2327,QXE2327,Alaska Airlines,,Landed,Embraer 170-200LR-175LR,31413,Fairbanks (FAI / PAFA)
"21 Jan 13:02
AKST",FX81,FDX81,Federal Express (FedEx),,Landed,McDonnell Douglas MD-11F,127429,Guam (GUM / PGUM)
"21 Jan 13:30
AKST",NC754,NAC754,Northern Air Cargo,,Landed,Embraer 190-100AR,34942,Unalakleet (UNK / PAUN)
"21 Jan 13:44
AKST",5X109,UPS109,United Parcel Service (UPS),,Landed,Boeing 747-44AF,89432,Louisville (SDF / KSDF)
"21 Jan 13:45
AKST",AS92,ASA92,Alaska Airlines,,Landed,Boeing 737-990ER,62684,Seattle (SEA / KSEA)
"21 Jan 13:48
AKST",AS66,ASA66,Alaska Airlines,,Landed,Boeing 737-890,46782,Cordova (CDV / PACV)
"21 Jan 13:50
AKST",CX91,CPA091,Cathay Pacific,,Landed,Boeing 747-8,112418,Hong Kong (HKG / VHHH)
"21 Jan 13:55
AKST",KE257,KAL257,Korean Air Lines,,Landed,Boeing 777-F,108162,New York (JFK / KJFK)
"21 Jan 14:15
AKST",KE255,KAL255,Korean Air Lines,,Landed,Boeing 747-8B5F,99408,Atlanta (ATL / KATL)
"21 Jan 14:40
AKST",AS157,ASA157,Alaska Airlines,,Landed,Boeing 737-700,41386,Nome (OME / PAOM)
"21 Jan 14:50
AKST",OZ242,AAR242,Asiana Airlines,,Landed,B744,84941,Chicago (ORD / KORD)
"21 Jan 14:50
AKST",5X197,UPS197,United Parcel Service (UPS),,Landed,Boeing 747-44AF,89432,Louisville (SDF / KSDF)
"21 Jan 14:56
AKST",AS51,ASA51,Alaska Airlines,,Landed,Boeing 737-890,37093,Barrow (BRW / PABR)
"21 Jan 14:59
AKST",M61010,AJT1010,Amerijet International,,Landed,Boeing 767-300F,83910,Greenville-Spartanburg (GSP / KGSP)
"21 Jan 15:30
AKST",5Y8628,GTI8628,Atlas Air,,Landed,B744,90255,Seoul (ICN / RKSI)
"21 Jan 15:30
AKST",AS872,ASA872,Alaska Airlines,,Landed,Boeing 737-890,82313,Kailua-Kona (KOA / PHKO)
"21 Jan 15:30
AKST",CI5321,CAL5321,China Airlines,,Landed,Boeing 747-400,96851,Taipei (TPE / RCTP)
"21 Jan 15:30
AKST",KE283,KAL283,Korean Air Lines,,Landed,Boeing 747-8B5F,89188,Chicago (ORD / KORD)
"21 Jan 15:35
AKST",PO656,PAC656,Polar Air Cargo,,Landed,Boeing 777-F16,110508,Cincinnati (CVG / KCVG)
"21 Jan 15:35
AKST",KE245,KAL245,Korean Air Lines,,Landed,Boeing 747-8B5F,99408,Atlanta (ATL / KATL)
"21 Jan 15:36
AKST",DL2471,DAL2471,Delta Air Lines,,Landed,Boeing 737-9GPER,62684,Seattle (SEA / KSEA)
"21 Jan 15:40
AKST",AS7011,ASA7011,Alaska Airlines,,Landed,Boeing 737-890,43111,Nome (OME / PAOM)
"21 Jan 15:50
AKST",7H130,RVF130,Ravn Alaska,,Landed,De Havilland Canada DHC-8-106 Dash 8,31138,Kenai (ENA / PAEN)
"21 Jan 15:50
AKST",AS274,ASA274,Alaska Airlines,,Landed,Boeing 737-790,58766,Seattle (SEA / KSEA)
"21 Jan 15:50
AKST",AS2416,QXE2416,Alaska Airlines,,Landed,Embraer 175 (long wing),31413,Fairbanks (FAI / PAFA)
"21 Jan 16:00
AKST",AS841,ASA841,Alaska Airlines,,Landed,Boeing 737-990ER,86820,Kahului (OGG / PHOG)
"21 Jan 16:05
AKST",CX3283,CPA3283,Cathay Pacific,,Landed,Boeing 747-8,112418,Hong Kong (HKG / VHHH)
"21 Jan 16:10
AKST",AS827,ASA827,Alaska Airlines,,Landed,Boeing 737-9,86475,Honolulu (HNL / PHNL)
"21 Jan 16:35
AKST",CX87,CPA087,Cathay Pacific,,Landed,Boeing 747-8,112418,Hong Kong (HKG / VHHH)
"21 Jan 16:50
AKST",AS2224,QXE2224,Alaska Airlines,,Landed,Embraer 175 (long wing),42795,Everett (PAE / KPAE)
"21 Jan 16:50
AKST",KE250,KAL250,Korean Air Lines,,Landed,Boeing 777-FB5,112819,Seoul (ICN / RKSI)
"21 Jan 16:55
AKST",CX3281,CPA3281,Cathay Pacific,,Landed,Boeing 747-8,112418,Hong Kong (HKG / VHHH)
"21 Jan 17:00
AKST",NC730,NAC730,Northern Air Cargo,,Landed,Boeing 737-3Q8F,43417,Bethel (BET / PABE)
"21 Jan 17:01
AKST",FX167,FDX167,Federal Express (FedEx),,Landed,McDonnell Douglas MD-11F,102372,Memphis (MEM / KMEM)
"21 Jan 17:15
AKST",FX5012,FDX5012,Federal Express (FedEx),,Landed,Boeing 777-F,116331,Memphis (MEM / KMEM)
"21 Jan 17:15
AKST",AS2408,QXE2408,Alaska Airlines,,Landed,Embraer 170-200LR-175LR,31413,Fairbanks (FAI / PAFA)
"21 Jan 17:20
AKST",AS201,ASA201,Alaska Airlines,,Landed,Airbus A320-214,51687,Bethel (BET / PABE)
"21 Jan 17:25
AKST",AS177,ASA177,Alaska Airlines,,Landed,Boeing 737-890,49304,Kodiak (ADQ / PADQ)
"21 Jan 17:25
AKST",M73966,MAA3966,LATAM Cargo Mexico,,Landed,Airbus A330-243(F),115520,Mexico City (MEX / MMMX)
"21 Jan 17:30
AKST",AS96,ASA96,Alaska Airlines,,Landed,Boeing 737-990ER,62684,Seattle (SEA / KSEA)
"21 Jan 18:05
AKST",AS7096,ASA7096,Alaska Airlines,,Landed,Boeing 737-890,58766,Seattle (SEA / KSEA)
"21 Jan 18:05
AKST",BR667,EVA667,EVA Airways,,Landed,Boeing 777-F,117214,Osaka (KIX / RJBB)
"21 Jan 18:20
AKST",BR625,EVA625,EVA Airways,,Landed,Boeing 777-F,130175,Taipei (TPE / RCTP)
"21 Jan 18:31
AKST",FX5813,FDX5813,Federal Express (FedEx),,Landed,Boeing 777-FS2,117214,Osaka (KIX / RJBB)
"21 Jan 18:45
AKST",5X61,UPS61,United Parcel Service (UPS),,Landed,Boeing 747-8F,93904,Louisville (SDF / KSDF)
"21 Jan 18:52
AKST",5Y551,GTI551,Atlas Air,,Landed,Boeing 777-200LR / Boeing 777F,123143,Hangzhou (HGH / ZSHC)
"21 Jan 18:56
AKST",CV27G,,Cargolux Airlines International,,Landed,Unknown,0,Chicago (ORD / KORD)
"21 Jan 19:15
AKST",7H144,RVF144,Ravn Alaska,,Live,De Havilland Canada DHC-8-102 Dash 8,31138,Kenai (ENA / PAEN)
"21 Jan 19:16
AKST",FX14,FDX14,Federal Express (FedEx),,Landed,McDonnell Douglas MD-11F,102372,Memphis (MEM / KMEM)
"21 Jan 19:30
AKST",CI5240,CAL5240,China Airlines,,Landed,Boeing 747-409F,84941,Chicago (ORD / KORD)
"21 Jan 19:30
AKST",CZ411,CSN411,China Southern Airlines,,Landed,B77L,106177,Chicago (ORD / KORD)
"21 Jan 19:30
AKST",CX2070,CPA2070,Cathay Pacific,,Landed,Boeing 747-867F,108539,Miami (MIA / KMIA)
"21 Jan 19:35
AKST",AS70,ASA70,Alaska Airlines,,Landed,Boeing 737-790,48747,Juneau (JNU / PAJN)
"21 Jan 19:40
AKST",KZ131,NCA131,Nippon Cargo Airlines,,Landed,Boeing 747-8KZF,96845,Tokyo (NRT / RJAA)
"21 Jan 20:00
AKST",KE273,KAL273,Korean Air Lines,,Landed,Boeing 777-F,129213,Miami (MIA / KMIA)
"21 Jan 20:00
AKST",CI5317,CAL5317,China Airlines,,Landed,Boeing 747-409F,93277,Nagoya (NGO / RJGG)
"21 Jan 20:30
AKST",CI5322,CAL5322,China Airlines,,Landed,Boeing 747-400,80472,New York (JFK / KJFK)
"21 Jan 20:35
AKST",AS116,ASA116,Alaska Airlines,,Landed,Boeing 737-790,58766,Seattle (SEA / KSEA)
"21 Jan 20:35
AKST",FX94,FDX94,Federal Express (FedEx),,Landed,Boeing 777-F,112452,Oakland (OAK / KOAK)
"21 Jan 21:31
AKST",FX192,FDX192,Federal Express (FedEx),,Landed,McDonnell Douglas MD-11F,95114,New York (EWR / KEWR)
"21 Jan 21:40
AKST",OZ242,AAR242,Asiana Airlines,,Landed,B744,84941,Chicago (ORD / KORD)
"21 Jan 21:56
AKST",5X77,UPS77,United Parcel Service (UPS),,Landed,Boeing 747-8F,93904,Louisville (SDF / KSDF)
"21 Jan 22:00
AKST",FX6021,FDX6021,Federal Express (FedEx),,Landed,McDonnell Douglas MD-11F,116522,Guangzhou (CAN / ZGGG)
"21 Jan 22:09
AKST",5X63,UPS63,United Parcel Service (UPS),,Landed,Boeing 747-8F,93904,Louisville (SDF / KSDF)
"21 Jan 22:30
AKST",FX5986,FDX5986,Federal Express (FedEx),,Live,Boeing 777-FS2,116331,Memphis (MEM / KMEM)
"21 Jan 22:35
AKST",N8838,NCR838,National Airlines,,Landed,Unknown,0,Houston (IAH / KIAH)
"21 Jan 22:55
AKST",KE279,KAL279,Korean Air Lines,,Landed,Boeing 747-4B5ERF,94326,Los Angeles (LAX / KLAX)
"21 Jan 23:05
AKST",5Y8984,GTI8984,Atlas Air,,Landed,Boeing 747-47UF,95515,Dallas (DFW / KDFW)
"21 Jan 23:05
AKST",5Y532,GTI532,Atlas Air,,Landed,Boeing 747-47UF,94326,Los Angeles (LAX / KLAX)
"21 Jan 23:20
AKST",KE259,KAL259,Korean Air Lines,,Landed,Boeing 747-8B5F,89188,Chicago (ORD / KORD)
"21 Jan 23:30
AKST",5Y8710,GTI8710,Atlas Air,,Landed,Boeing 747-45EF,94326,Los Angeles (LAX / KLAX)
"21 Jan 23:55
AKST",AS172,ASA172,Alaska Airlines,,Landed,Boeing 737-890,71179,Phoenix (PHX / KPHX)
"21 Jan 23:58
AKST",UA1959,UAL1959,United Airlines,,Landed,Boeing 737-8,61214,Denver (DEN / KDEN)
